Order_ID,Distance_km,Weather,Traffic_Level,Time_of_Day,Vehicle_Type,Preparation_Time_min,Courier_Experience_yrs,Delivery_Time_min,delay_flag,distance_category,time_per_km,prep_ratio
522,7.93,Windy,Low,Afternoon,Scooter,12,1.0,43,1,Long,5.422446406052964,0.27906976744186046
738,16.42,Clear,Medium,Evening,Bike,20,2.0,84,1,Long,5.115712545676004,0.23809523809523808
741,9.52,Foggy,Low,Night,Scooter,28,1.0,59,1,Long,6.197478991596639,0.4745762711864407
661,7.44,Rainy,Medium,Afternoon,Scooter,5,1.0,37,1,Long,4.973118279569892,0.13513513513513514
412,19.03,Clear,Low,Morning,Bike,16,5.0,68,1,Long,3.5733053074093535,0.23529411764705882
679,19.4,Clear,Low,Evening,Scooter,8,9.0,57,1,Long,2.9381443298969074,0.14035087719298245
514,17.39,Clear,Medium,Evening,Scooter,5,6.0,46,1,Long,2.645198389879241,0.10869565217391304
860,1.78,Snowy,Low,Evening,Car,20,6.0,35,1,Short,19.662921348314608,0.5714285714285714
137,10.62,Foggy,Low,Evening,Scooter,29,1.0,73,1,Long,6.873822975517891,0.3972602739726027
812,16.86,Snowy,Medium,Afternoon,Car,13,4.0,88,1,Long,5.2194543297746145,0.14772727272727273
77,15.54,Clear,Low,Night,Bike,29,1.0,76,1,Long,4.890604890604891,0.3815789473684211
637,10.89,Clear,High,Night,Bike,12,5.0,53,1,Long,4.866850321395776,0.22641509433962265
974,4.69,Rainy,Medium,Evening,Scooter,12,7.0,36,1,Medium,7.675906183368869,0.3333333333333333
900,2.17,Snowy,Low,Evening,Car,15,3.0,35,1,Short,16.129032258064516,0.42857142857142855
281,17.86,Rainy,Low,Afternoon,Bike,5,1.0,50,1,Long,2.799552071668533,0.1
884,2.53,Snowy,Low,Morning,Bike,6,8.0,24,0,Short,9.486166007905139,0.25
762,6.58,Foggy,Low,Evening,Car,6,7.0,27,0,Medium,4.103343465045593,0.2222222222222222
320,5.38,Clear,Medium,Evening,Scooter,26,1.0,47,1,Medium,8.736059479553903,0.5531914893617021
550,15.56,Rainy,Low,Afternoon,Scooter,28,0.0,72,1,Long,4.627249357326478,0.3888888888888889
175,13.08,Rainy,Low,Morning,Car,16,4.0,58,1,Long,4.434250764525994,0.27586206896551724
372,0.86,Clear,High,Afternoon,Bike,26,5.0,37,1,Short,43.02325581395349,0.7027027027027027
528,5.83,Clear,High,Evening,Car,27,9.0,56,1,Medium,9.60548885077187,0.48214285714285715
236,14.59,Clear,Medium,Morning,Bike,15,6.0,64,1,Long,4.386566141192597,0.234375
102,12.91,Windy,Medium,Evening,Bike,11,6.0,56,1,Long,4.337722695584818,0.19642857142857142
987,13.92,Snowy,Low,Morning,Scooter,18,4.0,70,1,Long,5.028735632183908,0.2571428571428571
903,4.04,Snowy,Low,Night,Bike,11,9.0,70,1,Medium,17.326732673267326,0.15714285714285714
948,18.05,Clear,Medium,Evening,Scooter,10,7.0,123,1,Long,6.814404432132964,0.08130081300813008
347,12.88,Clear,Medium,Morning,Scooter,8,5.0,52,1,Long,4.037267080745341,0.15384615384615385
140,19.45,Rainy,High,Morning,Scooter,20,6.0,108,1,Long,5.552699228791774,0.18518518518518517
622,4.58,Clear,High,Morning,Scooter,22,9.0,45,1,Medium,9.825327510917031,0.4888888888888889
500,19.73,Foggy,Medium,Evening,Bike,27,4.0,111,1,Long,5.625950329447542,0.24324324324324326
371,2.47,Windy,Medium,Morning,Bike,27,2.0,44,1,Short,17.813765182186234,0.6136363636363636
199,17.8,Snowy,Medium,Morning,Bike,16,9.0,73,1,Long,4.101123595505618,0.2191780821917808
688,5.96,Clear,Medium,Afternoon,Bike,22,7.0,45,1,Medium,7.550335570469799,0.4888888888888889
585,12.85,Windy,Medium,Afternoon,Scooter,18,7.0,61,1,Long,4.747081712062257,0.29508196721311475
902,1.02,Clear,Medium,Afternoon,Bike,25,4.0,34,1,Short,33.333333333333336,0.7352941176470589
60,6.84,Rainy,Medium,Night,Car,14,8.0,47,1,Medium,6.871345029239766,0.2978723404255319
329,8.68,Rainy,Medium,Morning,Bike,8,5.0,52,1,Long,5.990783410138249,0.15384615384615385
97,10.69,Clear,Medium,Night,Bike,25,9.0,67,1,Long,6.26753975678204,0.373134328358209
975,1.11,Clear,Low,Morning,Bike,5,6.0,8,0,Short,7.207207207207206,0.625
300,2.16,Snowy,Low,Evening,Scooter,15,0.0,36,1,Short,16.666666666666664,0.4166666666666667
278,13.17,Windy,Medium,Afternoon,Bike,16,4.0,67,1,Long,5.087319665907366,0.23880597014925373
925,8.79,Snowy,Low,Night,Bike,14,6.0,43,1,Long,4.891922639362913,0.32558139534883723
602,5.93,Clear,Low,Afternoon,Scooter,19,3.0,36,1,Medium,6.070826306913997,0.5277777777777778
440,2.09,Rainy,Low,Night,Bike,23,2.0,36,1,Short,17.224880382775122,0.6388888888888888
838,7.57,Clear,Low,Morning,Bike,21,0.0,56,1,Long,7.397622192866578,0.375
571,10.52,Rainy,Medium,Afternoon,Scooter,8,4.0,56,1,Long,5.32319391634981,0.14285714285714285
880,4.83,Rainy,Low,Morning,Car,25,9.0,47,1,Medium,9.730848861283643,0.5319148936170213
262,19.81,Snowy,Medium,Afternoon,Car,20,5.0,104,1,Long,5.24987380111055,0.19230769230769232
579,10.1,Rainy,Low,Evening,Car,8,4.0,50,1,Long,4.9504950495049505,0.16
24,7.64,Windy,Low,Afternoon,Car,10,8.0,31,1,Long,4.057591623036649,0.3225806451612903
31,12.35,Clear,Low,Morning,Scooter,10,6.0,35,1,Long,2.834008097165992,0.2857142857142857
618,5.9,Rainy,Low,Evening,Car,26,9.0,44,1,Medium,7.4576271186440675,0.5909090909090909
11,0.9,Clear,Low,Afternoon,Bike,20,8.0,23,0,Short,25.555555555555554,0.8695652173913043
222,11.58,Clear,Medium,Morning,Scooter,16,2.0,61,1,Long,5.267702936096718,0.26229508196721313
821,16.16,Clear,High,Afternoon,Bike,11,1.0,82,1,Long,5.074257425742574,0.13414634146341464
297,15.51,Clear,Low,Evening,Bike,17,9.0,69,1,Long,4.448742746615087,0.2463768115942029
55,12.16,Windy,High,Evening,Scooter,11,0.0,69,1,Long,5.6743421052631575,0.15942028985507245
543,4.96,Rainy,High,Morning,Bike,21,0.0,60,1,Medium,12.096774193548388,0.35
210,3.64,Windy,High,Evening,Bike,17,6.0,40,1,Medium,10.989010989010989,0.425
605,2.85,Clear,Low,Morning,Scooter,26,0.0,38,1,Short,13.333333333333332,0.6842105263157895
693,10.4,Clear,Low,Evening,Bike,16,4.0,52,1,Long,5.0,0.3076923076923077
663,12.31,Windy,Low,Morning,Bike,29,4.0,68,1,Long,5.523964256701868,0.4264705882352941
867,3.53,Clear,Medium,Afternoon,Bike,13,7.0,31,1,Medium,8.78186968838527,0.41935483870967744
71,15.56,Clear,Medium,Evening,Bike,14,3.0,54,1,Long,3.4704370179948585,0.25925925925925924
544,13.6,Clear,Medium,Afternoon,Bike,27,0.0,87,1,Long,6.397058823529412,0.3103448275862069
108,15.23,Snowy,High,Morning,Bike,5,0.0,62,1,Long,4.070912672357189,0.08064516129032258
591,3.21,Rainy,High,Night,Scooter,16,0.0,42,1,Medium,13.08411214953271,0.38095238095238093
742,6.38,Snowy,Low,Evening,Bike,16,1.0,111,1,Medium,17.398119122257054,0.14414414414414414
293,16.54,Rainy,Low,Afternoon,Scooter,6,7.0,51,1,Long,3.083434099153567,0.11764705882352941
290,12.02,Clear,Low,Morning,Car,9,7.0,41,1,Long,3.410981697171381,0.21951219512195122
653,11.94,Clear,Low,Evening,Bike,20,3.0,69,1,Long,5.778894472361809,0.2898550724637681
40,9.08,Clear,Low,Afternoon,Scooter,14,5.0,49,1,Long,5.39647577092511,0.2857142857142857
590,3.46,Snowy,Medium,Morning,Scooter,23,3.0,48,1,Medium,13.872832369942197,0.4791666666666667
308,6.8,Foggy,Medium,Morning,Scooter,13,7.0,46,1,Medium,6.764705882352941,0.2826086956521739
680,17.38,Rainy,Medium,Afternoon,Scooter,11,2.0,92,1,Long,5.293440736478711,0.11956521739130435
67,3.25,Clear,Low,Morning,Bike,23,7.0,32,1,Medium,9.846153846153847,0.71875
276,10.28,Clear,Medium,Evening,Scooter,29,3.0,71,1,Long,6.906614785992218,0.4084507042253521
68,16.14,Clear,Low,Night,Car,6,9.0,65,1,Long,4.0272614622057,0.09230769230769231
319,3.55,Clear,Medium,Evening,Bike,23,0.0,43,1,Medium,12.112676056338028,0.5348837209302325
999,19.03,Clear,Low,Afternoon,Car,26,5.0,68,1,Long,3.5733053074093535,0.38235294117647056
715,7.3,Clear,Low,Night,Scooter,14,7.0,28,0,Long,3.8356164383561646,0.5
754,7.03,Clear,Low,Evening,Scooter,21,1.0,44,1,Long,6.258890469416785,0.4772727272727273
328,12.43,Snowy,Low,Afternoon,Car,12,0.0,70,1,Long,5.631536604987932,0.17142857142857143
452,11.39,Rainy,High,Evening,Scooter,14,1.0,72,1,Long,6.321334503950834,0.19444444444444445
523,19.41,Clear,Low,Morning,Car,7,3.0,48,1,Long,2.472952086553323,0.14583333333333334
219,13.17,Rainy,High,Evening,Scooter,17,8.0,69,1,Long,5.239179954441913,0.2463768115942029
788,8.32,Rainy,Low,Afternoon,Car,12,2.0,49,1,Long,5.889423076923077,0.24489795918367346
765,1.15,Clear,Low,Afternoon,Scooter,26,4.0,30,0,Short,26.086956521739133,0.8666666666666667
89,17.8,Windy,High,Afternoon,Car,12,9.0,73,1,Long,4.101123595505618,0.1643835616438356
64,7.46,Clear,Medium,Evening,Bike,8,5.0,42,1,Long,5.630026809651475,0.19047619047619047
827,7.25,Clear,Medium,Afternoon,Scooter,18,4.0,45,1,Long,6.206896551724138,0.4
717,16.7,Clear,Medium,Afternoon,Scooter,28,1.0,76,1,Long,4.550898203592815,0.3684210526315789
352,17.2,Rainy,High,Afternoon,Scooter,14,2.0,94,1,Long,5.465116279069767,0.14893617021276595
937,0.86,Clear,Medium,Afternoon,Car,21,7.0,28,0,Short,32.55813953488372,0.75
257,18.76,Clear,Medium,Evening,Car,15,2.0,80,1,Long,4.264392324093817,0.1875
636,9.22,Clear,Medium,Afternoon,Car,18,9.0,57,1,Long,6.182212581344902,0.3157894736842105
645,2.84,Clear,Low,Evening,Scooter,24,2.0,35,1,Short,12.323943661971832,0.6857142857142857
555,17.59,Clear,Low,Morning,Bike,24,6.0,69,1,Long,3.922683342808414,0.34782608695652173
960,14.89,Snowy,High,Morning,Scooter,17,6.0,87,1,Long,5.842847548690396,0.19540229885057472
169,1.3,Clear,Medium,Evening,Bike,22,4.0,31,1,Short,23.846153846153847,0.7096774193548387
918,18.99,Rainy,High,Afternoon,Bike,10,6.0,70,1,Long,3.6861506055818856,0.14285714285714285
824,8.26,Snowy,Low,Afternoon,Bike,15,1.0,57,1,Long,6.9007263922518165,0.2631578947368421
986,10.16,Clear,High,Night,Bike,12,5.0,52,1,Long,5.118110236220472,0.23076923076923078
87,14.73,Rainy,Low,Afternoon,Bike,24,6.0,74,1,Long,5.0237610319076715,0.32432432432432434
433,12.56,Clear,High,Evening,Bike,17,5.0,69,1,Long,5.493630573248407,0.2463768115942029
185,5.53,Clear,Medium,Afternoon,Bike,19,1.0,44,1,Medium,7.956600361663653,0.4318181818181818
979,10.18,Foggy,Medium,Morning,Bike,25,3.0,73,1,Long,7.170923379174853,0.3424657534246575
535,15.5,Clear,Medium,Morning,Scooter,28,9.0,91,1,Long,5.870967741935484,0.3076923076923077
893,16.69,Foggy,Medium,Evening,Scooter,8,2.0,65,1,Long,3.894547633313361,0.12307692307692308
426,11.22,Windy,High,Evening,Bike,25,5.0,79,1,Long,7.040998217468806,0.31645569620253167
714,8.53,Clear,Low,Evening,Scooter,8,2.0,41,1,Long,4.806565064478312,0.1951219512195122
261,12.49,Clear,Medium,Morning,Bike,25,4.0,77,1,Long,6.164931945556445,0.3246753246753247
238,0.97,Clear,Low,Night,Scooter,24,8.0,26,0,Short,26.804123711340207,0.9230769230769231
560,12.6,Windy,Medium,Afternoon,Car,8,6.0,58,1,Long,4.603174603174604,0.13793103448275862
584,6.91,Clear,Medium,Evening,Scooter,28,9.0,56,1,Medium,8.104196816208393,0.5
446,18.97,Clear,Low,Evening,Car,25,4.0,141,1,Long,7.432788613600422,0.1773049645390071
801,14.29,Windy,Medium,Morning,Bike,14,7.0,78,1,Long,5.4583624912526245,0.1794871794871795
600,1.3,Foggy,Low,Evening,Bike,19,5.0,29,0,Short,22.307692307692307,0.6551724137931034
850,12.11,Rainy,Low,Morning,Bike,9,5.0,59,1,Long,4.872006606110652,0.15254237288135594
266,14.94,Clear,Medium,Morning,Bike,11,0.0,62,1,Long,4.149933065595716,0.1774193548387097
996,2.29,Rainy,High,Afternoon,Car,8,8.0,80,1,Short,34.93449781659388,0.1
530,17.36,Rainy,High,Afternoon,Bike,24,1.0,105,1,Long,6.048387096774194,0.22857142857142856
56,18.48,Clear,Medium,Night,Bike,8,0.0,82,1,Long,4.437229437229437,0.0975609756097561
121,16.25,Foggy,High,Morning,Bike,10,5.0,91,1,Long,5.6,0.10989010989010989
216,5.13,Clear,Low,Morning,Car,15,4.0,30,0,Medium,5.847953216374269,0.5
73,0.61,Clear,Low,Afternoon,Scooter,10,0.0,16,0,Short,26.229508196721312,0.625
45,5.55,Foggy,High,Evening,Bike,18,1.0,116,1,Medium,20.9009009009009,0.15517241379310345
722,4.03,Clear,Medium,Evening,Bike,9,5.0,25,0,Medium,6.203473945409429,0.36
282,7.09,Snowy,Low,Morning,Scooter,13,8.0,37,1,Long,5.218617771509168,0.35135135135135137
894,8.25,Clear,Medium,Afternoon,Bike,7,9.0,28,0,Long,3.393939393939394,0.25
915,11.26,Clear,Low,Night,Bike,5,6.0,49,1,Long,4.351687388987567,0.10204081632653061
811,19.7,Rainy,Low,Evening,Bike,10,2.0,60,1,Long,3.0456852791878175,0.16666666666666666
245,0.8,Snowy,High,Evening,Bike,14,9.0,36,1,Short,45.0,0.3888888888888889
823,7.0,Rainy,Medium,Evening,Bike,17,9.0,49,1,Long,7.0,0.3469387755102041
322,14.43,Clear,Medium,Morning,Car,14,4.0,113,1,Long,7.830907830907831,0.12389380530973451
644,6.89,Rainy,Medium,Afternoon,Bike,11,6.0,43,1,Medium,6.2409288824383164,0.2558139534883721
159,5.13,Foggy,Medium,Evening,Car,25,1.0,60,1,Medium,11.695906432748538,0.4166666666666667
978,1.5,Clear,Low,Afternoon,Bike,10,1.0,17,0,Short,11.333333333333334,0.5882352941176471
942,11.31,Clear,Medium,Evening,Bike,7,0.0,54,1,Long,4.774535809018567,0.12962962962962962
463,15.05,Clear,Medium,Evening,Car,12,2.0,66,1,Long,4.385382059800664,0.18181818181818182
310,5.78,Foggy,Low,Afternoon,Scooter,9,9.0,33,1,Medium,5.709342560553633,0.2727272727272727
698,11.83,Clear,Low,Evening,Scooter,9,7.0,32,1,Long,2.7049873203719357,0.28125
61,8.08,Foggy,Low,Morning,Bike,25,2.0,61,1,Long,7.5495049504950495,0.4098360655737705
885,16.1,Clear,Low,Evening,Bike,25,0.0,64,1,Long,3.975155279503105,0.390625
596,9.74,Rainy,Medium,Evening,Scooter,7,8.0,37,1,Long,3.7987679671457903,0.1891891891891892
768,17.6,Clear,Low,Afternoon,Bike,27,3.0,69,1,Long,3.920454545454545,0.391304347826087
650,10.22,Snowy,Medium,Night,Bike,18,1.0,68,1,Long,6.653620352250488,0.2647058823529412
651,2.19,Clear,Low,Evening,Bike,26,3.0,32,1,Short,14.611872146118722,0.8125
866,11.41,Windy,Medium,Afternoon,Scooter,17,4.0,68,1,Long,5.959684487291849,0.25
669,4.14,Clear,Medium,Morning,Scooter,14,2.0,30,0,Medium,7.246376811594203,0.4666666666666667
299,12.65,Rainy,Low,Afternoon,Bike,18,8.0,60,1,Long,4.743083003952569,0.3
311,9.06,Clear,Medium,Evening,Bike,23,4.0,47,1,Long,5.187637969094922,0.48936170212765956
362,13.04,Clear,Medium,Morning,Scooter,20,6.0,65,1,Long,4.984662576687117,0.3076923076923077
480,10.7,Clear,Medium,Afternoon,Scooter,8,5.0,44,1,Long,4.112149532710281,0.18181818181818182
111,6.15,Foggy,Low,Evening,Scooter,26,5.0,48,1,Medium,7.804878048780488,0.5416666666666666
990,16.47,Snowy,High,Evening,Scooter,20,9.0,75,1,Long,4.553734061930784,0.26666666666666666
487,1.39,Clear,Medium,Afternoon,Bike,15,4.0,24,0,Short,17.266187050359715,0.625
364,11.14,Rainy,Medium,Morning,Scooter,7,3.0,47,1,Long,4.219030520646319,0.14893617021276595
255,3.81,Rainy,High,Afternoon,Bike,5,6.0,31,1,Medium,8.136482939632545,0.16129032258064516
260,2.39,Rainy,Medium,Evening,Bike,27,7.0,43,1,Short,17.99163179916318,0.627906976744186
803,11.74,Clear,High,Evening,Car,6,3.0,54,1,Long,4.599659284497444,0.1111111111111111
495,9.54,Rainy,Medium,Evening,Scooter,11,5.0,47,1,Long,4.9266247379454935,0.23404255319148937
671,3.88,Clear,Medium,Morning,Bike,16,2.0,35,1,Medium,9.02061855670103,0.45714285714285713
378,0.95,Rainy,Medium,Morning,Car,27,0.0,44,1,Short,46.31578947368421,0.6136363636363636
527,8.59,Clear,Low,Night,Scooter,17,8.0,36,1,Long,4.190919674039581,0.4722222222222222
846,8.59,Clear,Low,Evening,Bike,22,2.0,43,1,Long,5.005820721769499,0.5116279069767442
356,13.03,Foggy,Low,Morning,Scooter,9,1.0,50,1,Long,3.8372985418265544,0.18
366,8.03,Clear,Low,Evening,Scooter,14,8.0,42,1,Long,5.230386052303861,0.3333333333333333
943,13.2,Snowy,Low,Morning,Car,14,3.0,62,1,Long,4.696969696969697,0.22580645161290322
750,12.67,Clear,Medium,Evening,Car,10,3.0,65,1,Long,5.130228887134964,0.15384615384615385
830,9.32,Clear,Low,Morning,Scooter,6,5.0,30,0,Long,3.2188841201716736,0.2
657,6.03,Rainy,High,Afternoon,Car,8,6.0,46,1,Medium,7.628524046434494,0.17391304347826086
200,15.71,Clear,Low,Afternoon,Scooter,28,5.0,69,1,Long,4.392106938255888,0.4057971014492754
214,4.87,Snowy,High,Evening,Bike,16,7.0,54,1,Medium,11.08829568788501,0.2962962962962963
409,18.15,Rainy,High,Morning,Bike,22,7.0,108,1,Long,5.9504132231404965,0.2037037037037037
333,0.78,Clear,Medium,Morning,Bike,6,1.0,17,0,Short,21.794871794871796,0.35294117647058826
209,0.6,Clear,Low,Afternoon,Bike,26,3.0,30,0,Short,50.0,0.8666666666666667
614,2.09,Clear,Medium,Evening,Bike,5,5.0,16,0,Short,7.6555023923444985,0.3125
30,1.41,Foggy,Medium,Evening,Bike,15,0.0,72,1,Short,51.06382978723405,0.20833333333333334
536,18.92,Clear,High,Morning,Scooter,27,4.0,100,1,Long,5.285412262156448,0.27
696,12.41,Clear,Medium,Morning,Car,10,1.0,51,1,Long,4.10958904109589,0.19607843137254902
837,18.34,Clear,High,Night,Bike,9,4.0,92,1,Long,5.0163576881134135,0.09782608695652174
597,13.52,Clear,Low,Morning,Scooter,27,1.0,82,1,Long,6.06508875739645,0.32926829268292684
166,16.79,Foggy,High,Afternoon,Bike,24,6.0,85,1,Long,5.062537224538416,0.2823529411764706
919,15.39,Clear,Medium,Evening,Scooter,24,5.0,89,1,Long,5.782975958414554,0.2696629213483146
496,7.39,Rainy,Medium,Morning,Scooter,25,6.0,60,1,Long,8.119079837618404,0.4166666666666667
825,10.98,Rainy,Low,Morning,Scooter,10,6.0,55,1,Long,5.009107468123862,0.18181818181818182
66,11.08,Snowy,Medium,Morning,Bike,9,0.0,57,1,Long,5.144404332129964,0.15789473684210525
142,5.41,Clear,Medium,Night,Bike,14,5.0,36,1,Medium,6.654343807763401,0.3888888888888889
926,0.94,Clear,High,Morning,Bike,9,6.0,21,0,Short,22.340425531914896,0.42857142857142855
828,7.27,Windy,Low,Afternoon,Bike,10,5.0,35,1,Long,4.814305364511692,0.2857142857142857
656,2.99,Windy,Medium,Morning,Bike,27,5.0,41,1,Short,13.712374581939798,0.6585365853658537
332,15.28,Snowy,Low,Evening,Bike,16,5.0,72,1,Long,4.712041884816754,0.2222222222222222
665,2.48,Windy,Medium,Afternoon,Car,14,6.0,27,0,Short,10.887096774193548,0.5185185185185185
250,17.13,Rainy,Low,Evening,Car,19,1.0,71,1,Long,4.144775248102744,0.2676056338028169
908,7.17,Clear,Low,Afternoon,Bike,15,7.0,32,1,Long,4.463040446304045,0.46875
709,5.47,Rainy,Low,Morning,Car,21,6.0,38,1,Medium,6.946983546617917,0.5526315789473685
306,19.53,Foggy,Low,Afternoon,Bike,11,6.0,87,1,Long,4.45468509984639,0.12643678160919541
735,7.5,Clear,High,Morning,Bike,29,1.0,66,1,Long,8.8,0.4393939393939394
976,5.61,Windy,Low,Night,Bike,25,9.0,48,1,Medium,8.55614973262032,0.5208333333333334
50,4.1,Clear,Low,Morning,Bike,21,3.0,37,1,Medium,9.02439024390244,0.5675675675675675
897,6.22,Rainy,Medium,Morning,Bike,15,0.0,49,1,Medium,7.877813504823151,0.30612244897959184
545,12.55,Windy,Low,Evening,Bike,13,8.0,51,1,Long,4.063745019920319,0.2549019607843137
351,10.31,Foggy,Medium,Morning,Scooter,19,5.0,62,1,Long,6.013579049466537,0.3064516129032258
905,8.72,Snowy,Medium,Evening,Car,18,7.0,64,1,Long,7.339449541284403,0.28125
537,17.07,Clear,Medium,Morning,Bike,20,6.0,73,1,Long,4.2765084944346805,0.273972602739726
482,14.07,Clear,High,Afternoon,Bike,5,8.0,67,1,Long,4.761904761904762,0.07462686567164178
576,19.02,Clear,Medium,Afternoon,Bike,29,9.0,87,1,Long,4.574132492113565,0.3333333333333333
34,19.0,Clear,High,Morning,Car,28,3.0,96,1,Long,5.052631578947368,0.2916666666666667
32,3.83,Rainy,Medium,Afternoon,Bike,12,9.0,30,0,Medium,7.83289817232376,0.4
232,10.3,Clear,Low,Evening,Scooter,19,8.0,48,1,Long,4.660194174757281,0.3958333333333333
964,8.09,Clear,High,Afternoon,Scooter,15,4.0,51,1,Long,6.304079110012361,0.29411764705882354
193,18.06,Clear,Medium,Night,Bike,9,8.0,52,1,Long,2.879291251384275,0.17307692307692307
334,2.76,Windy,Medium,Morning,Scooter,8,5.0,22,0,Short,7.971014492753624,0.36363636363636365
4,12.17,Snowy,Low,Evening,Bike,20,8.0,68,1,Long,5.587510271158587,0.29411764705882354
205,12.33,Clear,Medium,Evening,Bike,22,9.0,75,1,Long,6.082725060827251,0.29333333333333333
515,1.38,Clear,Medium,Evening,Scooter,5,8.0,13,0,Short,9.420289855072465,0.38461538461538464
800,18.49,Clear,Low,Afternoon,Scooter,14,6.0,71,1,Long,3.839913466738778,0.19718309859154928
307,10.57,Snowy,Low,Afternoon,Bike,28,9.0,59,1,Long,5.581835383159886,0.4745762711864407
110,2.0,Clear,High,Evening,Scooter,10,2.0,30,0,Short,15.0,0.3333333333333333
431,3.29,Clear,Medium,Afternoon,Scooter,17,4.0,32,1,Medium,9.72644376899696,0.53125
78,1.94,Rainy,Medium,Morning,Bike,16,0.0,35,1,Short,18.04123711340206,0.45714285714285713
287,9.58,Clear,High,Afternoon,Car,26,8.0,60,1,Long,6.263048016701461,0.43333333333333335
83,6.95,Clear,Medium,Morning,Scooter,25,2.0,58,1,Medium,8.345323741007194,0.43103448275862066
992,14.05,Clear,High,Morning,Scooter,19,0.0,72,1,Long,5.124555160142348,0.2638888888888889
790,18.97,Rainy,High,Night,Bike,20,8.0,108,1,Long,5.693199789140749,0.18518518518518517
895,13.53,Rainy,Low,Evening,Bike,28,8.0,78,1,Long,5.764966740576497,0.358974358974359
399,15.14,Rainy,Medium,Morning,Bike,8,6.0,66,1,Long,4.359313077939234,0.12121212121212122
324,5.96,Clear,Low,Afternoon,Bike,26,6.0,48,1,Medium,8.053691275167786,0.5416666666666666
520,3.43,Windy,Medium,Morning,Bike,7,6.0,23,0,Medium,6.705539358600583,0.30434782608695654
923,17.94,Rainy,High,Evening,Scooter,22,6.0,85,1,Long,4.738015607580825,0.25882352941176473
6,3.54,Rainy,Medium,Evening,Bike,10,5.0,32,1,Medium,9.03954802259887,0.3125
466,7.81,Clear,Low,Evening,Bike,11,4.0,42,1,Long,5.377720870678617,0.2619047619047619
267,14.09,Clear,Medium,Afternoon,Scooter,12,3.0,55,1,Long,3.90347764371895,0.21818181818181817
358,11.92,Clear,Low,Afternoon,Scooter,14,4.0,46,1,Long,3.859060402684564,0.30434782608695654
869,17.3,Clear,Low,Evening,Scooter,9,0.0,67,1,Long,3.8728323699421963,0.13432835820895522
799,14.08,Clear,High,Morning,Bike,28,6.0,66,1,Long,4.6875,0.42424242424242425
381,2.8,Clear,High,Afternoon,Bike,28,1.0,50,1,Short,17.857142857142858,0.56
382,14.09,Clear,High,Afternoon,Bike,12,6.0,67,1,Long,4.755145493257629,0.1791044776119403
491,9.39,Clear,Low,Morning,Bike,14,2.0,37,1,Long,3.9403620873269434,0.3783783783783784
901,4.55,Rainy,Low,Afternoon,Bike,5,6.0,21,0,Medium,4.615384615384616,0.23809523809523808
251,6.24,Snowy,Low,Afternoon,Bike,20,4.0,51,1,Medium,8.173076923076923,0.39215686274509803
524,16.92,Clear,Low,Morning,Scooter,29,0.0,70,1,Long,4.137115839243498,0.4142857142857143
10,14.31,Clear,Medium,Morning,Bike,9,8.0,47,1,Long,3.2844164919636616,0.19148936170212766
604,2.23,Clear,Low,Morning,Bike,7,6.0,14,0,Short,6.278026905829597,0.5
82,12.65,Clear,Low,Evening,Bike,15,4.0,66,1,Long,5.217391304347826,0.22727272727272727
784,7.24,Rainy,Medium,Evening,Bike,28,6.0,65,1,Long,8.977900552486188,0.4307692307692308
588,3.01,Clear,Medium,Evening,Bike,14,4.0,26,0,Medium,8.637873754152825,0.5384615384615384
240,3.95,Clear,Low,Afternoon,Bike,13,5.0,25,0,Medium,6.329113924050633,0.52
291,1.09,Clear,Medium,Morning,Scooter,6,2.0,17,0,Short,15.596330275229356,0.35294117647058826
212,13.99,Clear,High,Evening,Scooter,7,3.0,96,1,Long,6.862044317369549,0.07291666666666667
718,19.32,Rainy,High,Morning,Car,21,7.0,112,1,Long,5.797101449275362,0.1875
360,11.72,Rainy,Low,Evening,Bike,11,9.0,42,1,Long,3.583617747440273,0.2619047619047619
450,2.13,Rainy,Low,Morning,Scooter,9,2.0,22,0,Short,10.328638497652582,0.4090909090909091
228,8.17,Clear,Medium,Afternoon,Scooter,20,9.0,44,1,Long,5.385556915544676,0.45454545454545453
951,12.21,Clear,High,Morning,Bike,9,4.0,57,1,Long,4.668304668304668,0.15789473684210525
947,3.17,Clear,Medium,Evening,Scooter,17,6.0,33,1,Medium,10.410094637223976,0.5151515151515151
797,18.68,Snowy,Low,Afternoon,Bike,11,8.0,62,1,Long,3.3190578158458246,0.1774193548387097
502,10.95,Clear,Medium,Evening,Scooter,24,4.0,55,1,Long,5.0228310502283104,0.43636363636363634
465,19.26,Windy,Medium,Morning,Scooter,21,6.0,67,1,Long,3.47871235721703,0.31343283582089554
469,4.86,Foggy,Medium,Evening,Car,25,4.0,52,1,Medium,10.699588477366255,0.4807692307692308
936,5.81,Foggy,Low,Afternoon,Bike,25,8.0,51,1,Medium,8.777969018932875,0.49019607843137253
429,7.34,Rainy,Low,Evening,Bike,22,8.0,47,1,Long,6.4032697547683926,0.46808510638297873
8,17.39,Foggy,Medium,Morning,Bike,25,4.0,100,1,Long,5.750431282346176,0.25
156,5.22,Snowy,Low,Evening,Bike,11,9.0,40,1,Medium,7.662835249042146,0.275
542,12.32,Clear,Medium,Evening,Scooter,17,4.0,71,1,Long,5.762987012987013,0.23943661971830985
441,2.15,Windy,Medium,Afternoon,Car,17,6.0,30,0,Short,13.953488372093023,0.5666666666666667
483,9.36,Rainy,High,Morning,Scooter,17,2.0,65,1,Long,6.944444444444445,0.26153846153846155
423,2.28,Clear,Medium,Evening,Scooter,27,9.0,39,1,Short,17.10526315789474,0.6923076923076923
779,14.54,Clear,Medium,Evening,Bike,29,2.0,73,1,Long,5.020632737276479,0.3972602739726027
950,12.15,Clear,High,Morning,Car,12,6.0,63,1,Long,5.185185185185185,0.19047619047619047
335,1.4,Windy,Low,Evening,Bike,9,9.0,17,0,Short,12.142857142857144,0.5294117647058824
935,3.85,Rainy,Medium,Afternoon,Bike,26,3.0,46,1,Medium,11.948051948051948,0.5652173913043478
595,17.99,Snowy,Low,Afternoon,Bike,15,3.0,63,1,Long,3.5019455252918292,0.23809523809523808
531,16.35,Clear,Medium,Morning,Bike,16,0.0,66,1,Long,4.036697247706422,0.24242424242424243
582,19.61,Clear,High,Evening,Bike,8,6.0,72,1,Long,3.6715961244263133,0.1111111111111111
708,16.29,Clear,Low,Morning,Bike,20,1.0,72,1,Long,4.419889502762431,0.2777777777777778
449,7.84,Windy,Low,Afternoon,Bike,6,4.0,28,0,Long,3.5714285714285716,0.21428571428571427
454,18.17,Rainy,Low,Afternoon,Car,13,0.0,71,1,Long,3.9075399009356078,0.18309859154929578
353,13.34,Clear,Medium,Night,Bike,20,6.0,53,1,Long,3.973013493253373,0.37735849056603776
729,4.43,Foggy,Low,Morning,Scooter,10,1.0,63,1,Medium,14.221218961625283,0.15873015873015872
80,2.76,Windy,Medium,Night,Bike,6,2.0,27,0,Short,9.782608695652174,0.2222222222222222
149,1.5,Foggy,Medium,Evening,Scooter,15,4.0,32,1,Short,21.333333333333332,0.46875
303,11.04,Clear,Medium,Afternoon,Scooter,8,2.0,54,1,Long,4.891304347826087,0.14814814814814814
507,18.26,Rainy,High,Night,Scooter,28,7.0,93,1,Long,5.093099671412924,0.3010752688172043
343,3.88,Foggy,Low,Evening,Car,27,9.0,42,1,Medium,10.824742268041238,0.6428571428571429
486,18.07,Clear,High,Afternoon,Scooter,5,2.0,67,1,Long,3.707802988378528,0.07462686567164178
712,12.11,Clear,Medium,Evening,Bike,28,0.0,75,1,Long,6.193228736581338,0.37333333333333335
134,7.08,Clear,Medium,Afternoon,Scooter,5,8.0,27,0,Long,3.8135593220338984,0.18518518518518517
704,3.12,Rainy,Low,Evening,Scooter,14,5.0,28,0,Medium,8.974358974358974,0.5
312,2.03,Foggy,High,Evening,Car,14,4.0,36,1,Short,17.733990147783253,0.3888888888888889
630,5.42,Clear,Low,Evening,Scooter,11,9.0,26,0,Medium,4.797047970479705,0.4230769230769231
1,7.8,Clear,Low,Evening,Scooter,23,5.0,52,1,Long,6.666666666666667,0.4423076923076923
317,8.47,Rainy,Low,Afternoon,Scooter,19,0.0,48,1,Long,5.667060212514757,0.3958333333333333
707,6.79,Rainy,Low,Evening,Scooter,16,1.0,39,1,Medium,5.743740795287187,0.41025641025641024
548,13.6,Rainy,Medium,Afternoon,Scooter,23,6.0,83,1,Long,6.102941176470589,0.27710843373493976
873,13.06,Rainy,High,Morning,Bike,17,8.0,59,1,Long,4.51761102603369,0.288135593220339
533,19.93,Snowy,Low,Afternoon,Bike,6,6.0,59,1,Long,2.9603612644254893,0.1016949152542373
478,11.3,Snowy,Medium,Afternoon,Bike,15,8.0,70,1,Long,6.1946902654867255,0.21428571428571427
405,6.74,Rainy,Medium,Evening,Car,21,9.0,47,1,Medium,6.973293768545994,0.44680851063829785
173,10.49,Rainy,Low,Morning,Bike,28,9.0,66,1,Long,6.291706387035272,0.42424242424242425
395,7.15,Clear,High,Night,Car,29,7.0,60,1,Long,8.391608391608392,0.48333333333333334
421,15.94,Clear,Low,Evening,Bike,24,2.0,77,1,Long,4.830614805520703,0.3116883116883117
553,11.26,Foggy,High,Afternoon,Bike,14,2.0,70,1,Long,6.216696269982238,0.2
904,11.87,Clear,Medium,Morning,Bike,10,6.0,43,1,Long,3.6225779275484418,0.23255813953488372
91,2.83,Windy,Medium,Afternoon,Scooter,14,6.0,28,0,Short,9.89399293286219,0.5
940,11.74,Clear,Low,Afternoon,Car,20,1.0,52,1,Long,4.429301533219761,0.38461538461538464
182,2.71,Clear,Low,Morning,Scooter,6,1.0,20,0,Short,7.380073800738008,0.3
275,10.47,Clear,High,Evening,Scooter,14,7.0,55,1,Long,5.253104106972302,0.2545454545454545
896,4.5,Snowy,High,Evening,Bike,24,0.0,66,1,Medium,14.666666666666666,0.36363636363636365
292,1.23,Clear,Low,Evening,Bike,18,6.0,21,0,Short,17.073170731707318,0.8571428571428571
132,4.83,Clear,Low,Evening,Bike,11,1.0,29,0,Medium,6.004140786749482,0.3793103448275862
301,1.51,Clear,High,Afternoon,Bike,14,2.0,32,1,Short,21.192052980132452,0.4375
425,1.62,Windy,Low,Evening,Bike,9,8.0,16,0,Short,9.876543209876543,0.5625
327,11.31,Clear,High,Evening,Bike,20,0.0,67,1,Long,5.92396109637489,0.29850746268656714
145,6.05,Clear,Medium,Morning,Car,24,0.0,48,1,Medium,7.933884297520661,0.5
424,10.14,Clear,Medium,Morning,Scooter,20,1.0,59,1,Long,5.818540433925049,0.3389830508474576
581,9.45,Clear,Low,Afternoon,Car,13,0.0,49,1,Long,5.185185185185186,0.2653061224489796
136,6.8,Clear,High,Evening,Bike,28,5.0,55,1,Medium,8.088235294117647,0.509090909090909
451,15.65,Clear,Low,Afternoon,Bike,27,0.0,76,1,Long,4.856230031948882,0.35526315789473684
165,2.26,Clear,Medium,Morning,Scooter,6,3.0,19,0,Short,8.4070796460177,0.3157894736842105
29,12.05,Clear,Low,Evening,Scooter,29,4.0,61,1,Long,5.062240663900415,0.47540983606557374
774,8.25,Windy,Medium,Evening,Car,24,4.0,62,1,Long,7.515151515151516,0.3870967741935484
194,12.85,Rainy,Medium,Afternoon,Scooter,23,0.0,80,1,Long,6.22568093385214,0.2875
389,15.14,Windy,Medium,Morning,Bike,15,4.0,71,1,Long,4.6895640686922055,0.2112676056338028
853,4.59,Foggy,Low,Evening,Scooter,19,8.0,36,1,Medium,7.843137254901961,0.5277777777777778
170,12.02,Clear,Low,Afternoon,Bike,26,0.0,63,1,Long,5.241264559068219,0.4126984126984127
706,19.8,Clear,High,Evening,Bike,7,3.0,88,1,Long,4.444444444444445,0.07954545454545454
141,19.27,Foggy,High,Afternoon,Bike,14,6.0,92,1,Long,4.7742605085625325,0.15217391304347827
174,4.92,Clear,High,Morning,Scooter,12,0.0,41,1,Medium,8.333333333333334,0.2926829268292683
7,1.63,Rainy,Medium,Night,Bike,24,5.0,38,1,Short,23.312883435582823,0.631578947368421
746,18.04,Clear,Medium,Morning,Bike,8,5.0,71,1,Long,3.93569844789357,0.11267605633802817
74,16.4,Clear,High,Morning,Scooter,12,2.0,70,1,Long,4.2682926829268295,0.17142857142857143
911,12.01,Clear,Low,Morning,Car,5,7.0,42,1,Long,3.4970857618651126,0.11904761904761904
146,1.22,Foggy,High,Afternoon,Scooter,14,2.0,38,1,Short,31.147540983606557,0.3684210526315789
793,10.36,Rainy,Medium,Afternoon,Bike,7,8.0,39,1,Long,3.7644787644787647,0.1794871794871795
235,4.31,Rainy,Medium,Afternoon,Bike,9,2.0,35,1,Medium,8.120649651972158,0.2571428571428571
221,13.32,Windy,Medium,Afternoon,Bike,26,0.0,71,1,Long,5.33033033033033,0.36619718309859156
924,16.1,Clear,Low,Morning,Car,16,6.0,61,1,Long,3.7888198757763973,0.26229508196721313
501,14.11,Rainy,High,Morning,Scooter,24,3.0,93,1,Long,6.591070163004961,0.25806451612903225
133,2.84,Clear,Medium,Night,Scooter,28,1.0,44,1,Short,15.492957746478874,0.6363636363636364
991,16.09,Snowy,Low,Morning,Car,13,6.0,69,1,Long,4.288377874456184,0.18840579710144928
775,16.05,Snowy,Medium,Evening,Bike,11,2.0,89,1,Long,5.545171339563863,0.12359550561797752
186,13.37,Windy,High,Afternoon,Scooter,17,8.0,63,1,Long,4.712041884816754,0.2698412698412698
42,10.16,Snowy,Medium,Night,Bike,10,1.0,67,1,Long,6.594488188976378,0.14925373134328357
697,6.13,Clear,Medium,Night,Scooter,22,0.0,48,1,Medium,7.830342577487765,0.4583333333333333
109,4.96,Rainy,Low,Afternoon,Car,10,7.0,28,0,Medium,5.645161290322581,0.35714285714285715
589,3.0,Clear,Low,Morning,Scooter,29,1.0,43,1,Medium,14.333333333333334,0.6744186046511628
57,2.23,Snowy,Medium,Evening,Car,14,0.0,41,1,Short,18.385650224215247,0.34146341463414637
443,7.8,Rainy,Medium,Morning,Bike,11,7.0,49,1,Long,6.282051282051282,0.22448979591836735
758,10.9,Clear,High,Afternoon,Scooter,6,8.0,47,1,Long,4.311926605504587,0.1276595744680851
998,3.17,Clear,Low,Afternoon,Bike,17,1.0,28,0,Medium,8.832807570977918,0.6071428571428571
25,9.39,Windy,Medium,Morning,Scooter,21,9.0,50,1,Long,5.324813631522896,0.42
468,17.44,Clear,Low,Evening,Bike,25,9.0,89,1,Long,5.103211009174312,0.2808988764044944
540,3.02,Rainy,Medium,Morning,Bike,23,1.0,46,1,Medium,15.2317880794702,0.5
532,19.99,Rainy,High,Evening,Bike,17,1.0,112,1,Long,5.602801400700351,0.15178571428571427
619,16.22,Rainy,High,Evening,Bike,22,0.0,102,1,Long,6.288532675709002,0.21568627450980393
695,2.74,Clear,High,Afternoon,Bike,18,9.0,37,1,Short,13.503649635036496,0.4864864864864865
927,5.74,Rainy,High,Evening,Bike,13,9.0,46,1,Medium,8.013937282229964,0.2826086956521739
339,9.75,Clear,Low,Afternoon,Bike,22,7.0,50,1,Long,5.128205128205129,0.44
52,15.62,Rainy,Medium,Afternoon,Scooter,23,7.0,78,1,Long,4.99359795134443,0.2948717948717949
508,16.54,Rainy,Medium,Afternoon,Bike,25,7.0,77,1,Long,4.655380894800484,0.3246753246753247
517,7.84,Rainy,Low,Morning,Scooter,7,8.0,36,1,Long,4.591836734693878,0.19444444444444445
782,11.08,Windy,High,Afternoon,Bike,16,6.0,70,1,Long,6.317689530685921,0.22857142857142856
265,17.61,Clear,Medium,Evening,Scooter,21,9.0,79,1,Long,4.486087450312323,0.26582278481012656
818,8.28,Snowy,Low,Evening,Car,29,7.0,58,1,Long,7.004830917874397,0.5
711,15.32,Clear,Medium,Morning,Bike,17,6.0,80,1,Long,5.221932114882507,0.2125
683,3.83,Rainy,Low,Evening,Car,27,3.0,49,1,Medium,12.793733681462141,0.5510204081632653
519,19.75,Clear,Medium,Morning,Bike,25,1.0,103,1,Long,5.215189873417722,0.24271844660194175
448,15.19,Foggy,Low,Evening,Scooter,6,4.0,53,1,Long,3.489137590520079,0.11320754716981132
716,18.63,Windy,Low,Afternoon,Bike,11,5.0,85,1,Long,4.562533548040794,0.12941176470588237
484,12.74,Clear,Low,Night,Scooter,18,0.0,67,1,Long,5.259026687598116,0.26865671641791045
569,18.13,Rainy,High,Evening,Bike,21,2.0,88,1,Long,4.853833425261997,0.23863636363636365
434,2.47,Rainy,Low,Afternoon,Car,22,6.0,34,1,Short,13.765182186234817,0.6470588235294118
368,18.15,Windy,Medium,Morning,Bike,11,2.0,89,1,Long,4.903581267217631,0.12359550561797752
84,1.74,Foggy,High,Afternoon,Scooter,8,9.0,28,0,Short,16.091954022988507,0.2857142857142857
62,5.79,Windy,Medium,Morning,Bike,26,6.0,49,1,Medium,8.46286701208981,0.5306122448979592
639,5.75,Windy,High,Morning,Scooter,7,4.0,37,1,Medium,6.434782608695652,0.1891891891891892
273,17.41,Snowy,Medium,Evening,Bike,20,4.0,80,1,Long,4.595060310166571,0.25
286,1.2,Rainy,Low,Morning,Scooter,24,7.0,33,1,Short,27.5,0.7272727272727273
361,8.07,Windy,Low,Evening,Bike,21,4.0,48,1,Long,5.947955390334572,0.4375
355,1.88,Clear,Medium,Morning,Scooter,24,7.0,35,1,Short,18.617021276595747,0.6857142857142857
457,0.72,Rainy,Medium,Afternoon,Scooter,9,2.0,23,0,Short,31.944444444444446,0.391304347826087
279,14.19,Clear,Medium,Afternoon,Bike,9,1.0,57,1,Long,4.016913319238901,0.15789473684210525
13,16.73,Windy,High,Afternoon,Scooter,9,7.0,71,1,Long,4.243873281530186,0.1267605633802817
183,18.53,Rainy,Low,Afternoon,Scooter,8,8.0,57,1,Long,3.076092822450081,0.14035087719298245
369,4.32,Clear,Low,Morning,Bike,21,9.0,34,1,Medium,7.87037037037037,0.6176470588235294
882,13.6,Foggy,High,Evening,Bike,9,7.0,61,1,Long,4.485294117647059,0.14754098360655737
616,18.46,Rainy,Low,Morning,Bike,19,9.0,94,1,Long,5.092091007583965,0.20212765957446807
224,7.67,Windy,Low,Morning,Car,9,2.0,31,1,Long,4.041720990873533,0.2903225806451613
573,8.23,Snowy,Low,Evening,Bike,17,3.0,56,1,Long,6.804374240583232,0.30357142857142855
971,13.44,Clear,Low,Night,Bike,29,0.0,63,1,Long,4.6875,0.4603174603174603
654,15.04,Clear,Low,Morning,Car,24,5.0,60,1,Long,3.9893617021276597,0.4
546,7.48,Clear,Medium,Morning,Car,21,4.0,52,1,Long,6.95187165775401,0.40384615384615385
634,10.88,Snowy,Low,Afternoon,Car,13,3.0,52,1,Long,4.779411764705882,0.25
177,13.97,Snowy,Low,Evening,Scooter,14,8.0,52,1,Long,3.7222619899785254,0.2692307692307692
666,3.48,Foggy,Low,Afternoon,Scooter,9,1.0,31,1,Medium,8.908045977011493,0.2903225806451613
674,10.73,Foggy,Low,Morning,Bike,6,6.0,35,1,Long,3.2618825722273996,0.17142857142857143
586,5.18,Clear,Medium,Afternoon,Car,9,2.0,30,0,Medium,5.7915057915057915,0.3
874,8.47,Foggy,Medium,Evening,Bike,24,0.0,68,1,Long,8.028335301062572,0.35294117647058826
249,19.29,Windy,Medium,Evening,Scooter,7,8.0,84,1,Long,4.354587869362364,0.08333333333333333
886,3.98,Clear,High,Night,Car,19,3.0,41,1,Medium,10.301507537688442,0.4634146341463415
670,6.06,Foggy,Low,Afternoon,Scooter,10,8.0,41,1,Medium,6.765676567656766,0.24390243902439024
376,6.72,Foggy,Low,Evening,Bike,8,5.0,31,1,Medium,4.613095238095238,0.25806451612903225
413,19.04,Clear,Medium,Morning,Scooter,27,2.0,85,1,Long,4.464285714285714,0.3176470588235294
75,14.28,Windy,High,Afternoon,Scooter,23,5.0,77,1,Long,5.392156862745098,0.2987012987012987
114,16.26,Rainy,High,Morning,Bike,16,6.0,70,1,Long,4.305043050430504,0.22857142857142856
599,4.25,Clear,Low,Afternoon,Bike,5,4.0,22,0,Medium,5.176470588235294,0.22727272727272727
962,12.26,Clear,Low,Afternoon,Bike,20,2.0,66,1,Long,5.383360522022839,0.30303030303030304
391,19.81,Clear,Low,Afternoon,Bike,27,1.0,74,1,Long,3.7354871277132764,0.36486486486486486
105,18.2,Windy,Medium,Morning,Bike,27,1.0,108,1,Long,5.934065934065934,0.25
115,12.85,Rainy,Medium,Morning,Scooter,14,8.0,73,1,Long,5.680933852140078,0.1917808219178082
418,6.91,Clear,Low,Evening,Bike,27,8.0,91,1,Medium,13.16931982633864,0.2967032967032967
526,9.64,Clear,Low,Morning,Bike,10,5.0,46,1,Long,4.771784232365145,0.21739130434782608
458,9.64,Rainy,Medium,Evening,Bike,14,6.0,52,1,Long,5.394190871369294,0.2692307692307692
410,2.28,Foggy,Medium,Morning,Scooter,27,6.0,44,1,Short,19.29824561403509,0.6136363636363636
93,15.34,Rainy,Low,Afternoon,Bike,18,6.0,54,1,Long,3.5202086049543677,0.3333333333333333
931,3.22,Rainy,Medium,Night,Bike,14,8.0,34,1,Medium,10.559006211180124,0.4117647058823529
90,9.71,Clear,Low,Morning,Bike,8,1.0,49,1,Long,5.046343975283213,0.16326530612244897
337,17.18,Clear,Medium,Night,Scooter,13,1.0,62,1,Long,3.608847497089639,0.20967741935483872
989,5.3,Clear,Medium,Afternoon,Scooter,29,3.0,47,1,Medium,8.867924528301888,0.6170212765957447
922,10.0,Clear,Medium,Afternoon,Scooter,6,9.0,47,1,Long,4.7,0.1276595744680851
934,10.75,Rainy,Medium,Morning,Bike,8,6.0,60,1,Long,5.5813953488372094,0.13333333333333333
606,9.49,Rainy,Medium,Morning,Car,23,6.0,53,1,Long,5.584826132771338,0.4339622641509434
594,7.24,Clear,Medium,Afternoon,Bike,28,7.0,57,1,Long,7.87292817679558,0.49122807017543857
612,16.09,Rainy,Low,Morning,Bike,21,8.0,66,1,Long,4.101926662523306,0.3181818181818182
95,15.53,Clear,Low,Morning,Bike,26,6.0,83,1,Long,5.344494526722473,0.3132530120481928
12,19.41,Windy,Low,Morning,Bike,11,8.0,62,1,Long,3.1942297784647087,0.1774193548387097
397,17.24,Clear,Low,Evening,Bike,17,5.0,69,1,Long,4.00232018561485,0.2463768115942029
44,18.23,Rainy,Low,Afternoon,Scooter,27,9.0,86,1,Long,4.71749862863412,0.313953488372093
43,1.17,Clear,Medium,Morning,Bike,16,9.0,25,0,Short,21.36752136752137,0.64
330,5.33,Clear,Low,Evening,Car,29,1.0,51,1,Medium,9.568480300187618,0.5686274509803921
168,4.14,Rainy,Low,Morning,Bike,23,2.0,41,1,Medium,9.903381642512079,0.5609756097560976
498,2.02,Clear,High,Evening,Bike,28,5.0,44,1,Short,21.782178217821784,0.6363636363636364
877,14.46,Rainy,Medium,Morning,Scooter,11,9.0,68,1,Long,4.702627939142461,0.16176470588235295
598,3.86,Clear,Medium,Afternoon,Bike,21,8.0,34,1,Medium,8.808290155440416,0.6176470588235294
757,12.59,Windy,Medium,Morning,Bike,13,9.0,62,1,Long,4.924543288324067,0.20967741935483872
101,1.11,Clear,High,Morning,Scooter,22,8.0,35,1,Short,31.531531531531527,0.6285714285714286
427,9.11,Clear,Low,Afternoon,Bike,19,6.0,42,1,Long,4.6103183315038425,0.4523809523809524
179,18.77,Snowy,Medium,Evening,Bike,24,0.0,115,1,Long,6.126798082045818,0.20869565217391303
445,16.35,Foggy,Medium,Night,Bike,16,6.0,67,1,Long,4.097859327217125,0.23880597014925373
417,6.22,Clear,Low,Afternoon,Bike,16,9.0,29,0,Medium,4.662379421221865,0.5517241379310345
871,7.78,Foggy,High,Afternoon,Bike,25,3.0,74,1,Long,9.511568123393316,0.33783783783783783
883,0.88,Rainy,Low,Night,Car,27,2.0,37,1,Short,42.04545454545455,0.7297297297297297
681,16.43,Clear,Low,Evening,Bike,13,5.0,56,1,Long,3.408399269628728,0.23214285714285715
178,8.04,Clear,Medium,Evening,Car,27,0.0,65,1,Long,8.084577114427862,0.4153846153846154
396,18.65,Foggy,Low,Night,Car,19,2.0,68,1,Long,3.6461126005361932,0.27941176470588236
912,5.73,Foggy,Low,Morning,Scooter,7,2.0,30,0,Medium,5.2356020942408374,0.23333333333333334
794,12.42,Rainy,Low,Evening,Bike,28,9.0,79,1,Long,6.360708534621578,0.35443037974683544
961,2.11,Clear,Low,Afternoon,Scooter,28,5.0,34,1,Short,16.113744075829384,0.8235294117647058
685,18.62,Clear,Low,Evening,Scooter,27,6.0,75,1,Long,4.027926960257787,0.36
384,17.61,Clear,Medium,Morning,Scooter,19,3.0,80,1,Long,4.542873367404884,0.2375
957,10.62,Rainy,Medium,Night,Bike,7,2.0,48,1,Long,4.519774011299435,0.14583333333333334
258,14.07,Clear,Medium,Morning,Bike,16,9.0,73,1,Long,5.188343994314144,0.2191780821917808
539,9.29,Clear,Medium,Evening,Bike,10,9.0,40,1,Long,4.305705059203445,0.25
336,1.29,Rainy,Low,Evening,Bike,7,7.0,15,0,Short,11.627906976744185,0.4666666666666667
16,4.08,Windy,Medium,Afternoon,Bike,7,0.0,33,1,Medium,8.088235294117647,0.21212121212121213
325,19.12,Windy,High,Evening,Car,8,0.0,92,1,Long,4.8117154811715475,0.08695652173913043
759,17.93,Clear,Medium,Afternoon,Bike,29,4.0,85,1,Long,4.740658114891244,0.3411764705882353
180,3.18,Rainy,Medium,Evening,Bike,21,3.0,42,1,Medium,13.20754716981132,0.5
984,1.97,Clear,High,Morning,Car,28,7.0,43,1,Short,21.82741116751269,0.6511627906976745
23,6.2,Windy,High,Evening,Scooter,7,3.0,42,1,Medium,6.774193548387097,0.16666666666666666
357,1.02,Windy,High,Evening,Bike,6,8.0,21,0,Short,20.588235294117645,0.2857142857142857
667,5.3,Clear,Low,Evening,Bike,16,5.0,32,1,Medium,6.037735849056604,0.5
862,9.34,Rainy,Low,Evening,Car,10,0.0,40,1,Long,4.282655246252677,0.25
341,10.09,Clear,Medium,Evening,Bike,7,0.0,49,1,Long,4.856293359762141,0.14285714285714285
432,15.35,Rainy,High,Night,Scooter,23,9.0,80,1,Long,5.211726384364821,0.2875
552,17.12,Rainy,Low,Morning,Bike,26,3.0,86,1,Long,5.0233644859813085,0.3023255813953488
834,3.94,Snowy,Low,Afternoon,Bike,19,3.0,43,1,Medium,10.913705583756345,0.4418604651162791
631,14.41,Snowy,Medium,Evening,Bike,8,8.0,75,1,Long,5.20471894517696,0.10666666666666667
94,11.44,Rainy,Medium,Evening,Car,20,2.0,57,1,Long,4.9825174825174825,0.3508771929824561
559,15.23,Foggy,Low,Morning,Car,6,0.0,52,1,Long,3.414313854235062,0.11538461538461539
69,1.95,Clear,Low,Morning,Scooter,16,2.0,23,0,Short,11.794871794871796,0.6956521739130435
285,11.78,Clear,Low,Afternoon,Scooter,26,3.0,71,1,Long,6.027164685908319,0.36619718309859156
845,3.4,Windy,Medium,Morning,Bike,11,6.0,30,0,Medium,8.823529411764707,0.36666666666666664
435,2.14,Clear,High,Evening,Bike,18,3.0,34,1,Short,15.887850467289718,0.5294117647058824
154,10.04,Rainy,High,Afternoon,Bike,12,9.0,59,1,Long,5.876494023904383,0.2033898305084746
731,3.7,Clear,Medium,Morning,Bike,28,7.0,45,1,Medium,12.162162162162161,0.6222222222222222
447,19.73,Rainy,Low,Evening,Bike,8,8.0,64,1,Long,3.243791180942727,0.125
189,10.83,Clear,Medium,Evening,Scooter,8,9.0,51,1,Long,4.7091412742382275,0.1568627450980392
272,16.3,Foggy,Low,Morning,Car,12,1.0,100,1,Long,6.134969325153374,0.12
237,5.98,Foggy,High,Morning,Bike,14,6.0,44,1,Medium,7.357859531772575,0.3181818181818182
488,5.98,Rainy,High,Morning,Bike,21,2.0,60,1,Medium,10.03344481605351,0.35
118,4.14,Foggy,Medium,Morning,Bike,21,0.0,46,1,Medium,11.111111111111112,0.45652173913043476
513,18.69,Windy,Medium,Night,Bike,23,9.0,74,1,Long,3.9593365436062062,0.3108108108108108
826,18.44,Rainy,High,Morning,Bike,27,7.0,80,1,Long,4.338394793926247,0.3375
592,13.0,Windy,High,Morning,Bike,22,8.0,65,1,Long,5.0,0.3384615384615385
117,16.17,Clear,Medium,Evening,Car,10,2.0,116,1,Long,7.17377860235003,0.08620689655172414
474,17.88,Clear,Medium,Evening,Bike,29,3.0,98,1,Long,5.480984340044743,0.29591836734693877
694,5.23,Clear,Medium,Morning,Scooter,19,4.0,37,1,Medium,7.0745697896749515,0.5135135135135135
864,9.09,Rainy,Medium,Morning,Bike,6,7.0,43,1,Long,4.730473047304731,0.13953488372093023
913,12.67,Windy,Medium,Morning,Scooter,7,3.0,43,1,Long,3.393843725335438,0.16279069767441862
370,1.85,Clear,Medium,Evening,Bike,10,1.0,24,0,Short,12.972972972972972,0.4166666666666667
269,7.51,Rainy,Low,Evening,Car,27,6.0,50,1,Long,6.657789613848203,0.54
47,6.58,Clear,Low,Afternoon,Bike,13,1.0,34,1,Medium,5.167173252279635,0.38235294117647056
350,12.7,Clear,Low,Morning,Scooter,22,2.0,57,1,Long,4.488188976377953,0.38596491228070173
196,7.31,Foggy,Medium,Afternoon,Bike,26,2.0,65,1,Long,8.891928864569083,0.4
1000,9.2,Clear,High,Morning,Scooter,9,9.0,48,1,Long,5.217391304347826,0.1875
835,10.22,Foggy,Low,Afternoon,Scooter,21,0.0,61,1,Long,5.968688845401174,0.3442622950819672
737,8.15,Clear,High,Evening,Scooter,12,9.0,43,1,Long,5.276073619631902,0.27906976744186046
264,10.61,Clear,Medium,Morning,Bike,17,0.0,59,1,Long,5.5607917059377945,0.288135593220339
444,7.73,Clear,High,Night,Bike,29,5.0,58,1,Long,7.503234152652005,0.5
676,19.66,Clear,Low,Morning,Car,19,6.0,70,1,Long,3.560528992878942,0.2714285714285714
305,14.66,Snowy,High,Morning,Car,5,6.0,71,1,Long,4.843110504774898,0.07042253521126761
342,9.73,Clear,Low,Afternoon,Bike,29,6.0,60,1,Long,6.166495375128468,0.48333333333333334
967,14.52,Clear,Medium,Afternoon,Car,26,5.0,86,1,Long,5.922865013774105,0.3023255813953488
125,4.94,Rainy,High,Evening,Scooter,28,4.0,63,1,Medium,12.753036437246962,0.4444444444444444
787,11.88,Rainy,High,Afternoon,Car,29,9.0,78,1,Long,6.565656565656565,0.3717948717948718
51,19.41,Foggy,Medium,Morning,Car,7,6.0,66,1,Long,3.400309119010819,0.10606060606060606
928,11.06,Clear,High,Evening,Bike,6,9.0,53,1,Long,4.792043399638336,0.11320754716981132
143,10.2,Rainy,Medium,Afternoon,Bike,18,9.0,56,1,Long,5.490196078431373,0.32142857142857145
471,0.74,Rainy,Low,Morning,Car,13,4.0,21,0,Short,28.37837837837838,0.6190476190476191
400,15.21,Snowy,Medium,Afternoon,Bike,20,9.0,90,1,Long,5.9171597633136095,0.2222222222222222
626,7.69,Rainy,High,Morning,Scooter,16,3.0,58,1,Long,7.542262678803641,0.27586206896551724
321,11.21,Clear,High,Afternoon,Scooter,23,1.0,76,1,Long,6.779661016949152,0.3026315789473684
20,6.18,Clear,Medium,Evening,Bike,9,9.0,35,1,Medium,5.6634304207119746,0.2571428571428571
810,2.71,Clear,Medium,Morning,Car,6,5.0,19,0,Short,7.011070110701107,0.3157894736842105
791,3.49,Clear,Medium,Morning,Bike,17,2.0,38,1,Medium,10.888252148997134,0.4473684210526316
809,9.29,Clear,Medium,Morning,Bike,17,2.0,49,1,Long,5.2744886975242204,0.3469387755102041
408,0.71,Foggy,Low,Night,Bike,29,1.0,41,1,Short,57.74647887323944,0.7073170731707317
538,5.32,Rainy,Low,Afternoon,Scooter,27,2.0,48,1,Medium,9.022556390977444,0.5625
621,4.1,Clear,Medium,Evening,Car,18,3.0,38,1,Medium,9.26829268292683,0.47368421052631576
176,3.9,Rainy,High,Morning,Car,25,9.0,54,1,Medium,13.846153846153847,0.46296296296296297
246,18.6,Rainy,Medium,Morning,Car,28,9.0,77,1,Long,4.139784946236559,0.36363636363636365
829,14.88,Snowy,Medium,Evening,Bike,10,0.0,64,1,Long,4.301075268817204,0.15625
668,3.63,Windy,Medium,Morning,Car,22,9.0,39,1,Medium,10.743801652892563,0.5641025641025641
755,3.22,Windy,High,Morning,Car,7,7.0,27,0,Medium,8.385093167701863,0.25925925925925924
859,11.51,Foggy,Low,Afternoon,Car,5,7.0,57,1,Long,4.952215464813206,0.08771929824561403
155,19.72,Rainy,Low,Afternoon,Bike,27,6.0,109,1,Long,5.52738336713996,0.24770642201834864
288,11.08,Clear,Low,Evening,Scooter,28,2.0,58,1,Long,5.234657039711191,0.4827586206896552
603,3.95,Clear,Medium,Morning,Car,28,5.0,47,1,Medium,11.89873417721519,0.5957446808510638
570,7.29,Clear,High,Evening,Car,11,7.0,48,1,Long,6.584362139917696,0.22916666666666666
744,10.3,Clear,Low,Morning,Car,12,7.0,41,1,Long,3.9805825242718442,0.2926829268292683
18,10.73,Rainy,High,Afternoon,Car,27,6.0,83,1,Long,7.735321528424977,0.3253012048192771
128,17.28,Clear,Low,Morning,Car,28,3.0,72,1,Long,4.166666666666666,0.3888888888888889
323,13.37,Foggy,Medium,Evening,Scooter,16,9.0,71,1,Long,5.31039640987285,0.22535211267605634
256,11.36,Clear,Medium,Morning,Scooter,8,2.0,52,1,Long,4.577464788732395,0.15384615384615385
658,7.58,Clear,High,Afternoon,Scooter,19,9.0,57,1,Long,7.519788918205805,0.3333333333333333
191,2.32,Clear,Low,Afternoon,Scooter,23,1.0,32,1,Short,13.793103448275863,0.71875
116,17.49,Rainy,Low,Evening,Bike,27,9.0,97,1,Long,5.546026300743282,0.27835051546391754
181,7.15,Windy,Low,Morning,Bike,15,3.0,42,1,Long,5.874125874125874,0.35714285714285715
760,15.88,Rainy,Low,Evening,Car,17,1.0,68,1,Long,4.282115869017632,0.25
724,14.95,Clear,Medium,Morning,Bike,13,7.0,49,1,Long,3.277591973244147,0.2653061224489796
686,11.36,Foggy,Low,Afternoon,Bike,6,4.0,47,1,Long,4.137323943661972,0.1276595744680851
980,12.14,Foggy,High,Afternoon,Bike,12,0.0,65,1,Long,5.354200988467874,0.18461538461538463
518,16.31,Foggy,Medium,Afternoon,Car,14,7.0,71,1,Long,4.353157572041693,0.19718309859154928
985,14.7,Clear,Medium,Evening,Scooter,24,5.0,75,1,Long,5.1020408163265305,0.32
46,13.42,Rainy,Medium,Evening,Bike,6,6.0,105,1,Long,7.824143070044709,0.05714285714285714
158,15.35,Foggy,Low,Morning,Car,5,3.0,56,1,Long,3.648208469055375,0.08928571428571429
852,15.12,Foggy,Low,Morning,Bike,14,1.0,58,1,Long,3.8359788359788363,0.2413793103448276
172,0.82,Windy,Low,Morning,Car,18,9.0,23,0,Short,28.04878048780488,0.782608695652174
17,6.43,Clear,Low,Evening,Car,9,7.0,26,0,Medium,4.043545878693624,0.34615384615384615
512,8.66,Snowy,High,Morning,Bike,29,3.0,77,1,Long,8.891454965357967,0.37662337662337664
49,11.16,Foggy,Medium,Afternoon,Car,21,4.0,77,1,Long,6.899641577060931,0.2727272727272727
516,1.01,Clear,High,Night,Bike,17,7.0,29,0,Short,28.712871287128714,0.5862068965517241
953,3.92,Rainy,Medium,Night,Bike,20,9.0,41,1,Medium,10.459183673469388,0.4878048780487805
481,12.77,Foggy,Low,Morning,Bike,22,8.0,71,1,Long,5.559906029757244,0.30985915492957744
284,2.33,Clear,Low,Evening,Bike,9,2.0,18,0,Short,7.725321888412017,0.5
719,2.92,Windy,High,Afternoon,Bike,24,4.0,48,1,Short,16.438356164383563,0.5
878,13.35,Rainy,Low,Evening,Scooter,14,4.0,91,1,Long,6.8164794007490634,0.15384615384615385
226,5.26,Rainy,Medium,Evening,Scooter,28,8.0,51,1,Medium,9.695817490494298,0.5490196078431373
27,4.39,Foggy,Medium,Night,Bike,12,8.0,38,1,Medium,8.65603644646925,0.3157894736842105
955,8.67,Windy,High,Morning,Bike,20,4.0,55,1,Long,6.343713956170704,0.36363636363636365
438,16.53,Snowy,Low,Afternoon,Scooter,24,9.0,99,1,Long,5.9891107078039925,0.24242424242424243
952,13.47,Clear,Medium,Evening,Bike,19,4.0,59,1,Long,4.380103934669636,0.3220338983050847
365,18.86,Snowy,Medium,Night,Bike,18,1.0,89,1,Long,4.71898197242842,0.20224719101123595
230,12.81,Clear,Low,Morning,Bike,12,2.0,51,1,Long,3.981264637002342,0.23529411764705882
38,2.4,Snowy,Low,Night,Scooter,27,5.0,42,1,Short,17.5,0.6428571428571429
966,7.44,Rainy,Medium,Evening,Bike,6,1.0,39,1,Long,5.241935483870967,0.15384615384615385
375,1.89,Clear,Medium,Evening,Scooter,13,7.0,22,0,Short,11.640211640211641,0.5909090909090909
470,19.28,Snowy,Medium,Morning,Car,21,3.0,101,1,Long,5.238589211618257,0.2079207920792079
851,1.81,Clear,Medium,Afternoon,Car,23,3.0,34,1,Short,18.784530386740332,0.6764705882352942
705,1.74,Clear,Medium,Night,Bike,23,2.0,34,1,Short,19.54022988505747,0.6764705882352942
842,13.44,Clear,Medium,Morning,Car,22,1.0,79,1,Long,5.877976190476191,0.27848101265822783
855,4.5,Windy,Low,Evening,Scooter,20,6.0,32,1,Medium,7.111111111111111,0.625
865,8.31,Windy,Medium,Morning,Bike,6,5.0,44,1,Long,5.294825511432009,0.13636363636363635
504,16.37,Clear,High,Morning,Bike,26,7.0,97,1,Long,5.92547342700061,0.26804123711340205
970,9.78,Clear,Medium,Afternoon,Bike,18,3.0,58,1,Long,5.930470347648262,0.3103448275862069
831,4.88,Windy,Medium,Afternoon,Scooter,26,7.0,48,1,Medium,9.836065573770492,0.5416666666666666
969,11.54,Clear,High,Afternoon,Car,10,0.0,56,1,Long,4.852686308492202,0.17857142857142858
909,5.56,Clear,Low,Afternoon,Scooter,19,5.0,31,1,Medium,5.575539568345324,0.6129032258064516
802,3.47,Snowy,High,Night,Bike,24,9.0,53,1,Medium,15.273775216138327,0.4528301886792453
994,12.01,Clear,Low,Morning,Scooter,26,6.0,57,1,Long,4.746044962531224,0.45614035087719296
756,15.98,Foggy,Low,Morning,Car,21,6.0,90,1,Long,5.632040050062578,0.23333333333333334
112,3.64,Clear,Low,Morning,Scooter,16,3.0,26,0,Medium,7.142857142857142,0.6153846153846154
227,19.47,Clear,Low,Morning,Bike,16,8.0,83,1,Long,4.262968669748331,0.1927710843373494
689,15.51,Rainy,Medium,Morning,Scooter,10,8.0,81,1,Long,5.222437137330754,0.12345679012345678
104,10.42,Windy,Medium,Afternoon,Bike,28,3.0,72,1,Long,6.90978886756238,0.3888888888888889
422,15.9,Rainy,Low,Evening,Car,19,5.0,78,1,Long,4.90566037735849,0.24358974358974358
420,15.17,Windy,Low,Morning,Bike,25,4.0,77,1,Long,5.075807514831905,0.3246753246753247
587,1.98,Rainy,Low,Afternoon,Bike,22,0.0,39,1,Short,19.696969696969695,0.5641025641025641
781,14.03,Clear,Low,Afternoon,Bike,17,2.0,65,1,Long,4.632929436920884,0.26153846153846155
673,2.06,Foggy,Medium,Evening,Scooter,22,4.0,40,1,Short,19.41747572815534,0.55
120,11.02,Clear,High,Morning,Scooter,22,2.0,70,1,Long,6.352087114337568,0.3142857142857143
152,5.17,Foggy,Low,Morning,Bike,29,0.0,56,1,Medium,10.831721470019342,0.5178571428571429
404,16.62,Snowy,Low,Afternoon,Bike,26,8.0,94,1,Long,5.655836341756919,0.2765957446808511
946,0.71,Rainy,Low,Morning,Car,25,8.0,31,1,Short,43.66197183098592,0.8064516129032258
659,13.1,Clear,Low,Evening,Bike,28,2.0,72,1,Long,5.4961832061068705,0.3888888888888889
844,19.24,Rainy,High,Afternoon,Bike,9,7.0,75,1,Long,3.8981288981288986,0.12
763,5.35,Clear,Medium,Afternoon,Scooter,24,6.0,43,1,Medium,8.037383177570094,0.5581395348837209
9,12.22,Clear,Low,Evening,Scooter,15,0.0,56,1,Long,4.582651391162029,0.26785714285714285
808,18.55,Clear,Low,Afternoon,Car,11,9.0,69,1,Long,3.719676549865229,0.15942028985507245
37,6.44,Clear,Low,Afternoon,Car,18,2.0,43,1,Medium,6.6770186335403725,0.4186046511627907
453,8.77,Foggy,Medium,Evening,Car,14,7.0,49,1,Long,5.587229190421893,0.2857142857142857
652,10.97,Clear,Low,Afternoon,Scooter,27,3.0,51,1,Long,4.649042844120328,0.5294117647058824
254,6.68,Clear,High,Morning,Scooter,10,5.0,44,1,Medium,6.586826347305389,0.22727272727272727
304,12.93,Rainy,Low,Afternoon,Scooter,25,0.0,61,1,Long,4.717710750193349,0.4098360655737705
747,7.99,Clear,Medium,Evening,Bike,18,4.0,42,1,Long,5.256570713391739,0.42857142857142855
572,15.78,Clear,High,Afternoon,Scooter,12,1.0,68,1,Long,4.309252217997465,0.17647058823529413
624,9.95,Windy,High,Evening,Scooter,21,5.0,72,1,Long,7.236180904522613,0.2916666666666667
733,13.47,Rainy,Low,Afternoon,Scooter,7,6.0,46,1,Long,3.414996288047513,0.15217391304347827
892,17.19,Clear,Medium,Afternoon,Bike,11,8.0,76,1,Long,4.421175101803374,0.14473684210526316
263,3.23,Clear,High,Afternoon,Bike,17,9.0,33,1,Medium,10.21671826625387,0.5151515151515151
611,1.27,Foggy,High,Afternoon,Bike,25,9.0,46,1,Short,36.22047244094488,0.5434782608695652
298,4.71,Clear,Low,Morning,Bike,20,6.0,31,1,Medium,6.581740976645436,0.6451612903225806
415,12.82,Rainy,Medium,Evening,Bike,28,9.0,72,1,Long,5.616224648985959,0.3888888888888889
789,9.51,Clear,High,Morning,Bike,26,9.0,63,1,Long,6.624605678233439,0.4126984126984127
641,0.89,Rainy,Low,Morning,Car,9,0.0,20,0,Short,22.47191011235955,0.45
890,5.24,Windy,High,Afternoon,Scooter,26,8.0,51,1,Medium,9.732824427480915,0.5098039215686274
551,10.64,Windy,Low,Evening,Car,11,9.0,36,1,Long,3.3834586466165413,0.3055555555555556
887,13.23,Clear,Medium,Night,Bike,20,8.0,70,1,Long,5.291005291005291,0.2857142857142857
489,19.03,Clear,Medium,Morning,Scooter,8,8.0,65,1,Long,3.415659485023647,0.12307692307692308
148,10.3,Rainy,Low,Evening,Bike,29,0.0,73,1,Long,7.0873786407766985,0.3972602739726027
147,12.39,Snowy,Medium,Evening,Bike,14,8.0,56,1,Long,4.519774011299435,0.25
721,18.8,Clear,High,Afternoon,Bike,23,7.0,95,1,Long,5.053191489361702,0.24210526315789474
932,16.78,Rainy,Medium,Morning,Bike,22,1.0,70,1,Long,4.171632896305125,0.3142857142857143
740,7.85,Clear,Low,Afternoon,Scooter,7,9.0,34,1,Long,4.3312101910828025,0.20588235294117646
660,11.63,Clear,Medium,Night,Scooter,29,7.0,57,1,Long,4.901117798796216,0.5087719298245614
349,7.8,Windy,Medium,Afternoon,Car,17,6.0,44,1,Long,5.641025641025641,0.38636363636363635
464,11.88,Rainy,Medium,Afternoon,Bike,5,1.0,63,1,Long,5.303030303030303,0.07936507936507936
326,14.89,Clear,High,Evening,Car,22,9.0,88,1,Long,5.910006715916722,0.25
854,18.01,Foggy,High,Night,Bike,14,2.0,71,1,Long,3.942254303164908,0.19718309859154928
609,10.32,Clear,Medium,Night,Car,24,5.0,49,1,Long,4.7480620155038755,0.4897959183673469
144,6.37,Rainy,Low,Afternoon,Car,29,4.0,56,1,Medium,8.79120879120879,0.5178571428571429
959,3.74,Rainy,Low,Morning,Bike,19,6.0,36,1,Medium,9.62566844919786,0.5277777777777778
198,17.99,Windy,High,Evening,Bike,5,1.0,73,1,Long,4.0578098943857706,0.0684931506849315
610,13.96,Rainy,Low,Night,Bike,5,1.0,42,1,Long,3.0085959885386817,0.11904761904761904
280,16.02,Clear,Low,Evening,Bike,20,7.0,61,1,Long,3.807740324594257,0.32786885245901637
401,2.51,Clear,Low,Morning,Bike,16,2.0,28,0,Short,11.155378486055778,0.5714285714285714
123,6.7,Foggy,High,Morning,Scooter,23,3.0,59,1,Medium,8.805970149253731,0.3898305084745763
184,17.61,Windy,Low,Morning,Bike,5,8.0,61,1,Long,3.4639409426462238,0.08196721311475409
203,3.65,Clear,Medium,Morning,Bike,29,9.0,46,1,Medium,12.602739726027398,0.6304347826086957
439,14.27,Clear,Medium,Night,Car,24,3.0,77,1,Long,5.39593552908199,0.3116883116883117
247,8.85,Clear,Low,Afternoon,Bike,11,9.0,45,1,Long,5.084745762711864,0.24444444444444444
933,19.7,Rainy,Low,Evening,Car,16,6.0,66,1,Long,3.3502538071065993,0.24242424242424243
766,11.61,Clear,High,Morning,Car,19,1.0,67,1,Long,5.770887166236004,0.2835820895522388
907,16.44,Windy,High,Afternoon,Car,8,0.0,80,1,Long,4.8661800486618,0.1
836,8.67,Rainy,High,Afternoon,Bike,12,7.0,104,1,Long,11.995386389850058,0.11538461538461539
888,5.14,Clear,Medium,Evening,Scooter,23,7.0,43,1,Medium,8.365758754863814,0.5348837209302325
638,5.23,Clear,Medium,Morning,Scooter,23,2.0,47,1,Medium,8.98661567877629,0.48936170212765956
403,10.35,Clear,Medium,Night,Bike,7,9.0,48,1,Long,4.63768115942029,0.14583333333333334
785,4.04,Rainy,High,Evening,Bike,14,6.0,39,1,Medium,9.653465346534654,0.358974358974359
771,2.66,Clear,Low,Afternoon,Bike,16,8.0,21,0,Short,7.894736842105263,0.7619047619047619
736,17.61,Foggy,Medium,Afternoon,Bike,9,5.0,74,1,Long,4.202157864849517,0.12162162162162163
914,8.48,Clear,High,Night,Bike,11,5.0,39,1,Long,4.599056603773585,0.28205128205128205
220,17.06,Clear,Low,Evening,Bike,9,9.0,66,1,Long,3.8686987104337636,0.13636363636363635
642,6.78,Foggy,Low,Night,Bike,18,6.0,42,1,Medium,6.1946902654867255,0.42857142857142855
916,9.0,Snowy,Medium,Afternoon,Car,29,3.0,78,1,Long,8.666666666666666,0.3717948717948718
753,12.74,Clear,Low,Afternoon,Scooter,12,0.0,63,1,Long,4.945054945054945,0.19047619047619047
807,18.72,Rainy,Medium,Afternoon,Bike,17,0.0,89,1,Long,4.754273504273504,0.19101123595505617
625,12.56,Clear,Low,Morning,Car,22,8.0,49,1,Long,3.901273885350318,0.4489795918367347
875,1.0,Snowy,Medium,Morning,Bike,28,0.0,51,1,Short,51.0,0.5490196078431373
761,3.46,Clear,Low,Morning,Bike,24,6.0,37,1,Medium,10.69364161849711,0.6486486486486487
387,6.0,Snowy,Low,Morning,Car,20,8.0,53,1,Medium,8.833333333333334,0.37735849056603776
973,14.79,Clear,Medium,Morning,Scooter,12,9.0,64,1,Long,4.3272481406355645,0.1875
510,14.65,Snowy,High,Morning,Car,19,3.0,95,1,Long,6.484641638225256,0.2
268,14.2,Clear,Medium,Afternoon,Bike,17,1.0,73,1,Long,5.140845070422536,0.2328767123287671
820,7.04,Clear,Low,Afternoon,Bike,11,8.0,38,1,Long,5.3977272727272725,0.2894736842105263
497,11.88,Rainy,Medium,Evening,Bike,20,8.0,69,1,Long,5.808080808080808,0.2898550724637681
113,18.63,Clear,Low,Evening,Bike,26,8.0,75,1,Long,4.025764895330113,0.3466666666666667
692,8.8,Rainy,Medium,Afternoon,Bike,6,2.0,38,1,Long,4.3181818181818175,0.15789473684210525
233,11.75,Clear,High,Morning,Bike,9,2.0,55,1,Long,4.680851063829787,0.16363636363636364
870,18.95,Snowy,Low,Morning,Car,27,0.0,92,1,Long,4.854881266490765,0.29347826086956524
608,7.6,Foggy,Low,Morning,Bike,16,4.0,48,1,Long,6.315789473684211,0.3333333333333333
672,17.99,Foggy,Low,Morning,Car,11,2.0,84,1,Long,4.669260700389105,0.13095238095238096
374,13.82,Clear,Medium,Evening,Bike,21,9.0,72,1,Long,5.209840810419681,0.2916666666666667
982,15.53,Foggy,Low,Evening,Bike,26,7.0,68,1,Long,4.3786220218931104,0.38235294117647056
843,3.97,Clear,High,Afternoon,Bike,19,8.0,40,1,Medium,10.075566750629722,0.475
234,10.1,Clear,High,Morning,Car,17,6.0,55,1,Long,5.445544554455446,0.3090909090909091
786,18.21,Foggy,Low,Morning,Bike,5,1.0,70,1,Long,3.844041735310269,0.07142857142857142
677,2.68,Clear,Low,Morning,Bike,16,8.0,25,0,Short,9.328358208955223,0.64
318,3.88,Snowy,Low,Morning,Bike,9,6.0,33,1,Medium,8.505154639175258,0.2727272727272727
649,15.89,Snowy,Medium,Afternoon,Car,15,9.0,91,1,Long,5.726872246696035,0.16483516483516483
411,6.73,Clear,Medium,Afternoon,Bike,21,1.0,54,1,Medium,8.023774145616642,0.3888888888888889
899,0.75,Clear,Medium,Afternoon,Bike,10,5.0,16,0,Short,21.333333333333332,0.625
710,13.79,Rainy,Low,Night,Scooter,11,0.0,69,1,Long,5.003625815808557,0.15942028985507245
359,18.83,Clear,Medium,Evening,Scooter,5,8.0,69,1,Long,3.6643653744025495,0.07246376811594203
259,11.62,Clear,Low,Afternoon,Bike,9,8.0,33,1,Long,2.8399311531841653,0.2727272727272727
628,15.08,Rainy,Medium,Evening,Scooter,26,1.0,94,1,Long,6.23342175066313,0.2765957446808511
633,10.48,Rainy,Low,Afternoon,Car,10,7.0,45,1,Long,4.293893129770992,0.2222222222222222
283,7.82,Rainy,Medium,Evening,Bike,16,8.0,45,1,Long,5.754475703324808,0.35555555555555557
385,14.83,Rainy,Low,Morning,Car,19,4.0,126,1,Long,8.496291301416049,0.15079365079365079
225,5.67,Clear,Low,Morning,Scooter,11,9.0,27,0,Medium,4.761904761904762,0.4074074074074074
954,18.33,Snowy,Medium,Morning,Scooter,5,5.0,67,1,Long,3.655210038188762,0.07462686567164178
473,1.34,Foggy,High,Evening,Bike,9,5.0,30,0,Short,22.388059701492537,0.3
348,1.38,Clear,Low,Morning,Scooter,13,9.0,17,0,Short,12.318840579710146,0.7647058823529411
640,7.86,Windy,Medium,Morning,Car,22,2.0,55,1,Long,6.997455470737913,0.4
988,8.98,Clear,Medium,Afternoon,Scooter,22,8.0,105,1,Long,11.692650334075724,0.20952380952380953
929,12.85,Rainy,Medium,Evening,Scooter,6,7.0,61,1,Long,4.747081712062257,0.09836065573770492
906,17.91,Clear,Low,Afternoon,Bike,6,7.0,68,1,Long,3.7967615857063093,0.08823529411764706
620,15.09,Snowy,Low,Morning,Car,20,7.0,68,1,Long,4.506295559973492,0.29411764705882354
856,4.22,Clear,Medium,Morning,Bike,16,7.0,35,1,Medium,8.293838862559243,0.45714285714285713
804,12.33,Clear,High,Night,Bike,7,2.0,101,1,Long,8.19140308191403,0.06930693069306931
646,17.87,Snowy,Low,Morning,Scooter,29,4.0,87,1,Long,4.8684946838276435,0.3333333333333333
847,2.16,Clear,Medium,Night,Car,10,1.0,23,0,Short,10.648148148148147,0.43478260869565216
557,3.11,Rainy,Medium,Morning,Scooter,21,1.0,43,1,Medium,13.826366559485532,0.4883720930232558
958,1.42,Clear,High,Afternoon,Scooter,24,2.0,40,1,Short,28.169014084507044,0.6
578,18.57,Rainy,Medium,Afternoon,Bike,16,7.0,89,1,Long,4.792676359719978,0.1797752808988764
796,17.51,Clear,Medium,Evening,Bike,15,3.0,60,1,Long,3.4266133637921183,0.25
86,6.84,Clear,Medium,Evening,Bike,25,1.0,51,1,Medium,7.4561403508771935,0.49019607843137253
699,3.51,Windy,Medium,Night,Bike,22,2.0,44,1,Medium,12.535612535612536,0.5
160,14.7,Clear,Medium,Morning,Scooter,6,2.0,58,1,Long,3.9455782312925174,0.10344827586206896
525,16.85,Clear,High,Morning,Car,17,4.0,71,1,Long,4.213649851632047,0.23943661971830985
36,16.26,Rainy,Low,Morning,Car,27,5.0,66,1,Long,4.059040590405903,0.4090909090909091
541,19.1,Snowy,Medium,Morning,Bike,25,6.0,90,1,Long,4.712041884816753,0.2777777777777778
171,13.71,Rainy,Medium,Evening,Bike,22,9.0,64,1,Long,4.6681254558716265,0.34375
891,14.58,Clear,Low,Evening,Bike,23,0.0,70,1,Long,4.801097393689986,0.32857142857142857
858,9.71,Clear,Low,Afternoon,Car,27,5.0,61,1,Long,6.282183316168897,0.4426229508196721
848,19.94,Clear,Low,Afternoon,Bike,26,6.0,83,1,Long,4.162487462387161,0.3132530120481928
945,4.53,Snowy,Medium,Morning,Scooter,18,4.0,49,1,Medium,10.816777041942604,0.3673469387755102
734,10.7,Clear,High,Afternoon,Car,8,4.0,57,1,Long,5.327102803738318,0.14035087719298245
96,10.13,Clear,Medium,Evening,Bike,22,0.0,65,1,Long,6.416584402764067,0.3384615384615385
564,0.78,Clear,Low,Afternoon,Bike,11,0.0,18,0,Short,23.076923076923077,0.6111111111111112
241,18.84,Foggy,Medium,Afternoon,Scooter,25,8.0,88,1,Long,4.670912951167728,0.2840909090909091
743,15.08,Snowy,Low,Evening,Bike,29,7.0,84,1,Long,5.570291777188329,0.34523809523809523
575,17.32,Clear,Low,Evening,Scooter,10,3.0,77,1,Long,4.445727482678984,0.12987012987012986
691,6.81,Clear,Medium,Evening,Bike,23,2.0,47,1,Medium,6.901615271659325,0.48936170212765956
461,2.79,Clear,High,Morning,Bike,23,7.0,38,1,Short,13.620071684587813,0.6052631578947368
554,11.44,Foggy,High,Afternoon,Car,14,4.0,74,1,Long,6.468531468531469,0.1891891891891892
889,2.44,Snowy,High,Evening,Bike,13,9.0,39,1,Short,15.98360655737705,0.3333333333333333
207,2.48,Rainy,Low,Evening,Scooter,20,8.0,30,0,Short,12.096774193548388,0.6666666666666666
795,0.85,Clear,Medium,Morning,Bike,9,8.0,17,0,Short,20.0,0.5294117647058824
398,8.87,Clear,Low,Evening,Bike,19,3.0,55,1,Long,6.2006764374295384,0.34545454545454546
767,15.37,Snowy,Medium,Afternoon,Car,15,5.0,66,1,Long,4.294079375406636,0.22727272727272727
849,10.29,Foggy,Medium,Evening,Scooter,25,4.0,67,1,Long,6.511175898931001,0.373134328358209
218,15.06,Rainy,Low,Morning,Bike,22,4.0,65,1,Long,4.316069057104913,0.3384615384615385
769,7.17,Clear,Medium,Morning,Scooter,7,9.0,29,0,Long,4.044630404463041,0.2413793103448276
643,4.62,Rainy,Medium,Afternoon,Car,8,3.0,33,1,Medium,7.142857142857142,0.24242424242424243
930,5.53,Clear,Low,Morning,Car,10,8.0,27,0,Medium,4.882459312839059,0.37037037037037035
613,12.74,Rainy,Low,Afternoon,Bike,17,9.0,63,1,Long,4.945054945054945,0.2698412698412698
739,9.06,Clear,High,Evening,Bike,26,3.0,61,1,Long,6.73289183222958,0.4262295081967213
547,2.71,Foggy,Low,Morning,Bike,6,0.0,28,0,Short,10.33210332103321,0.21428571428571427
726,16.92,Clear,Low,Night,Bike,23,5.0,78,1,Long,4.609929078014184,0.2948717948717949
684,13.54,Foggy,Low,Morning,Bike,11,1.0,54,1,Long,3.9881831610044314,0.2037037037037037
99,1.0,Snowy,Medium,Morning,Bike,25,4.0,44,1,Short,44.0,0.5681818181818182
805,8.77,Clear,Medium,Morning,Car,12,2.0,42,1,Long,4.789053591790194,0.2857142857142857
728,16.01,Windy,Low,Morning,Car,28,0.0,84,1,Long,5.246720799500312,0.3333333333333333
574,12.63,Foggy,Medium,Night,Scooter,8,8.0,49,1,Long,3.8796516231195564,0.16326530612244897
407,8.09,Foggy,Low,Evening,Car,22,2.0,56,1,Long,6.9221260815822,0.39285714285714285
503,6.54,Clear,Medium,Night,Bike,10,7.0,39,1,Medium,5.963302752293578,0.2564102564102564
48,10.64,Clear,Medium,Afternoon,Scooter,14,5.0,45,1,Long,4.2293233082706765,0.3111111111111111
33,1.77,Clear,Medium,Evening,Bike,14,9.0,22,0,Short,12.429378531073446,0.6363636363636364
780,13.0,Foggy,Low,Evening,Bike,25,7.0,77,1,Long,5.923076923076923,0.3246753246753247
840,12.83,Clear,Low,Evening,Bike,5,8.0,50,1,Long,3.897116134060795,0.1
201,13.02,Snowy,High,Afternoon,Car,6,9.0,65,1,Long,4.992319508448541,0.09230769230769231
135,18.89,Rainy,Medium,Morning,Scooter,22,1.0,74,1,Long,3.9174166225516145,0.2972972972972973
28,10.53,Foggy,High,Evening,Bike,25,8.0,72,1,Long,6.837606837606838,0.3472222222222222
881,5.01,Rainy,Low,Afternoon,Bike,10,5.0,31,1,Medium,6.187624750499002,0.3225806451612903
231,16.0,Foggy,Medium,Afternoon,Scooter,13,3.0,65,1,Long,4.0625,0.2
490,17.86,Clear,Low,Afternoon,Scooter,16,8.0,83,1,Long,4.647256438969765,0.1927710843373494
773,2.99,Foggy,High,Afternoon,Bike,9,5.0,90,1,Short,30.100334448160535,0.1
379,16.38,Clear,Medium,Morning,Bike,6,2.0,51,1,Long,3.1135531135531136,0.11764705882352941
289,6.09,Clear,Medium,Night,Bike,7,4.0,27,0,Medium,4.433497536945813,0.25925925925925924
419,13.61,Clear,Low,Morning,Bike,26,0.0,66,1,Long,4.849375459221161,0.3939393939393939
675,8.5,Snowy,High,Evening,Bike,14,7.0,56,1,Long,6.588235294117647,0.25
392,8.55,Clear,Low,Evening,Scooter,28,8.0,46,1,Long,5.380116959064327,0.6086956521739131
593,4.05,Clear,Medium,Afternoon,Scooter,21,5.0,39,1,Medium,9.62962962962963,0.5384615384615384
499,19.5,Clear,High,Morning,Bike,18,2.0,73,1,Long,3.7435897435897436,0.2465753424657534
63,16.66,Snowy,High,Afternoon,Scooter,29,7.0,95,1,Long,5.702280912364946,0.30526315789473685
472,19.41,Snowy,High,Evening,Car,21,3.0,100,1,Long,5.151983513652756,0.21
648,13.74,Foggy,Medium,Afternoon,Bike,6,1.0,56,1,Long,4.075691411935954,0.10714285714285714
129,0.64,Clear,High,Night,Bike,10,3.0,24,0,Short,37.5,0.4166666666666667
977,12.1,Clear,High,Afternoon,Bike,11,0.0,53,1,Long,4.380165289256198,0.20754716981132076
521,12.09,Clear,Medium,Morning,Car,13,1.0,60,1,Long,4.962779156327543,0.21666666666666667
839,11.82,Windy,Medium,Night,Bike,24,7.0,77,1,Long,6.514382402707276,0.3116883116883117
963,5.28,Foggy,Low,Morning,Bike,27,6.0,53,1,Medium,10.037878787878787,0.5094339622641509
65,5.98,Clear,Low,Evening,Car,22,9.0,35,1,Medium,5.852842809364548,0.6285714285714286
813,2.93,Clear,Medium,Morning,Bike,24,8.0,94,1,Short,32.081911262798634,0.2553191489361702
15,4.05,Snowy,Medium,Evening,Scooter,19,2.0,50,1,Medium,12.345679012345679,0.38
493,5.91,Clear,Medium,Evening,Scooter,29,4.0,57,1,Medium,9.644670050761421,0.5087719298245614
380,6.0,Rainy,Medium,Evening,Scooter,21,2.0,47,1,Medium,7.833333333333333,0.44680851063829785
188,11.33,Clear,Medium,Afternoon,Scooter,29,7.0,77,1,Long,6.796116504854369,0.37662337662337664
764,15.01,Clear,Medium,Morning,Bike,15,6.0,64,1,Long,4.263824117255163,0.234375
217,6.85,Clear,High,Morning,Bike,16,5.0,48,1,Medium,7.007299270072993,0.3333333333333333
792,11.93,Snowy,High,Morning,Car,7,1.0,75,1,Long,6.286672254819782,0.09333333333333334
53,18.82,Windy,Low,Morning,Car,5,3.0,77,1,Long,4.0913921360255046,0.06493506493506493
879,1.03,Clear,Medium,Afternoon,Bike,19,4.0,29,0,Short,28.155339805825243,0.6551724137931034
720,14.75,Clear,Low,Morning,Car,10,7.0,62,1,Long,4.203389830508475,0.16129032258064516
725,11.7,Rainy,Low,Afternoon,Bike,17,5.0,60,1,Long,5.128205128205129,0.2833333333333333
296,10.68,Clear,Low,Morning,Bike,14,1.0,42,1,Long,3.9325842696629216,0.3333333333333333
702,1.51,Clear,High,Evening,Bike,26,1.0,44,1,Short,29.13907284768212,0.5909090909090909
252,8.01,Clear,High,Morning,Bike,8,6.0,48,1,Long,5.992509363295881,0.16666666666666666
727,3.23,Rainy,Low,Morning,Car,25,7.0,42,1,Medium,13.003095975232199,0.5952380952380952
462,13.16,Rainy,High,Morning,Scooter,25,8.0,68,1,Long,5.167173252279635,0.36764705882352944
456,10.11,Windy,Low,Morning,Bike,11,4.0,44,1,Long,4.3521266073194855,0.25
997,18.39,Windy,Low,Afternoon,Bike,24,6.0,74,1,Long,4.0239260467645455,0.32432432432432434
816,10.62,Windy,Medium,Afternoon,Car,22,5.0,54,1,Long,5.084745762711865,0.4074074074074074
270,6.23,Clear,Medium,Evening,Car,20,1.0,51,1,Medium,8.186195826645264,0.39215686274509803
202,2.14,Clear,Low,Afternoon,Bike,25,1.0,36,1,Short,16.822429906542055,0.6944444444444444
162,12.83,Clear,Medium,Morning,Bike,19,2.0,76,1,Long,5.9236165237724085,0.25
556,8.37,Clear,High,Evening,Scooter,13,7.0,42,1,Long,5.017921146953405,0.30952380952380953
730,3.69,Rainy,Medium,Afternoon,Bike,8,8.0,27,0,Medium,7.317073170731708,0.2962962962962963
402,18.1,Clear,Low,Morning,Scooter,8,5.0,77,1,Long,4.254143646408839,0.1038961038961039
703,7.06,Clear,Low,Afternoon,Scooter,26,5.0,51,1,Long,7.223796033994335,0.5098039215686274
477,1.94,Foggy,Low,Night,Bike,10,1.0,25,0,Short,12.88659793814433,0.4
822,0.59,Clear,Low,Afternoon,Bike,21,0.0,27,0,Short,45.76271186440678,0.7777777777777778
772,17.01,Snowy,Low,Night,Bike,28,6.0,97,1,Long,5.702527924750147,0.28865979381443296
106,5.36,Clear,Low,Afternoon,Scooter,11,4.0,30,0,Medium,5.597014925373134,0.36666666666666664
566,12.0,Clear,Low,Evening,Car,25,0.0,75,1,Long,6.25,0.3333333333333333
390,16.23,Clear,Medium,Evening,Bike,6,0.0,54,1,Long,3.3271719038817005,0.1111111111111111
2,19.04,Rainy,Low,Evening,Car,12,6.0,60,1,Long,3.151260504201681,0.2
938,18.33,Foggy,Medium,Morning,Scooter,19,0.0,98,1,Long,5.346426623022368,0.19387755102040816
983,2.58,Clear,Medium,Morning,Scooter,25,7.0,37,1,Short,14.341085271317828,0.6756756756756757
562,4.65,Clear,Medium,Evening,Bike,21,1.0,46,1,Medium,9.89247311827957,0.45652173913043476
81,17.33,Snowy,Low,Evening,Scooter,12,3.0,79,1,Long,4.558568955568379,0.1518987341772152
206,0.68,Snowy,High,Evening,Bike,29,8.0,50,1,Short,73.52941176470588,0.58
35,19.33,Clear,Medium,Morning,Bike,7,8.0,73,1,Long,3.7765131919296433,0.0958904109589041
776,3.42,Clear,Medium,Night,Car,11,9.0,24,0,Medium,7.017543859649123,0.4583333333333333
509,19.02,Rainy,High,Evening,Scooter,22,1.0,106,1,Long,5.573080967402734,0.20754716981132076
428,17.81,Windy,High,Evening,Bike,21,4.0,122,1,Long,6.850084222346997,0.1721311475409836
455,2.67,Clear,Medium,Night,Car,17,6.0,28,0,Short,10.486891385767791,0.6071428571428571
898,17.98,Clear,Low,Evening,Bike,5,8.0,45,1,Long,2.5027808676307006,0.1111111111111111
565,7.34,Foggy,Medium,Afternoon,Bike,22,5.0,93,1,Long,12.670299727520437,0.23655913978494625
346,12.51,Clear,Medium,Evening,Bike,18,5.0,62,1,Long,4.95603517186251,0.2903225806451613
777,4.97,Rainy,Low,Evening,Bike,17,9.0,34,1,Medium,6.841046277665996,0.5
242,19.1,Snowy,Low,Afternoon,Bike,18,1.0,101,1,Long,5.287958115183246,0.1782178217821782
14,4.64,Clear,Low,Afternoon,Bike,15,9.0,24,0,Medium,5.172413793103448,0.625
316,14.07,Rainy,Low,Evening,Bike,10,5.0,63,1,Long,4.477611940298507,0.15873015873015872
601,3.79,Clear,Medium,Morning,Bike,13,2.0,34,1,Medium,8.970976253298153,0.38235294117647056
274,18.31,Clear,Medium,Afternoon,Bike,25,3.0,79,1,Long,4.314582195521573,0.31645569620253167
167,6.76,Foggy,Medium,Night,Bike,7,6.0,42,1,Medium,6.21301775147929,0.16666666666666666
841,0.76,Clear,Low,Afternoon,Car,26,9.0,28,0,Short,36.8421052631579,0.9285714285714286
993,5.81,Rainy,Medium,Evening,Bike,14,8.0,41,1,Medium,7.056798623063684,0.34146341463414637
647,12.08,Clear,High,Afternoon,Scooter,16,4.0,60,1,Long,4.966887417218543,0.26666666666666666
819,1.57,Rainy,Low,Evening,Car,16,1.0,30,0,Short,19.108280254777068,0.5333333333333333
485,11.89,Clear,Medium,Afternoon,Bike,28,0.0,79,1,Long,6.644238856181665,0.35443037974683544
981,7.02,Clear,Medium,Evening,Car,23,2.0,53,1,Long,7.54985754985755,0.4339622641509434
505,13.85,Clear,Low,Evening,Bike,29,5.0,71,1,Long,5.126353790613718,0.4084507042253521
832,9.32,Rainy,Medium,Evening,Scooter,24,2.0,71,1,Long,7.618025751072961,0.3380281690140845
244,7.72,Foggy,High,Evening,Bike,19,4.0,64,1,Long,8.290155440414509,0.296875
567,8.15,Rainy,Low,Afternoon,Bike,26,2.0,50,1,Long,6.134969325153374,0.52
876,3.54,Rainy,Medium,Afternoon,Scooter,17,4.0,41,1,Medium,11.581920903954803,0.4146341463414634
687,11.65,Windy,Low,Night,Bike,10,3.0,53,1,Long,4.549356223175965,0.18867924528301888
783,5.41,Clear,High,Morning,Scooter,17,6.0,38,1,Medium,7.024029574861368,0.4473684210526316
700,9.88,Rainy,Medium,Morning,Car,7,0.0,43,1,Long,4.3522267206477725,0.16279069767441862
476,19.86,Rainy,High,Evening,Bike,12,8.0,71,1,Long,3.5750251762336354,0.16901408450704225
682,5.53,Windy,High,Morning,Bike,23,4.0,59,1,Medium,10.669077757685352,0.3898305084745763
511,12.46,Foggy,Low,Afternoon,Bike,10,1.0,62,1,Long,4.975922953451043,0.16129032258064516
59,1.38,Clear,Medium,Morning,Car,6,3.0,17,0,Short,12.318840579710146,0.35294117647058826
475,10.79,Clear,Medium,Evening,Scooter,24,1.0,65,1,Long,6.024096385542169,0.36923076923076925
561,14.23,Clear,Medium,Afternoon,Scooter,23,7.0,70,1,Long,4.919184820801124,0.32857142857142857
857,1.21,Snowy,Low,Afternoon,Bike,22,1.0,39,1,Short,32.231404958677686,0.5641025641025641
748,11.1,Clear,Low,Afternoon,Bike,18,7.0,56,1,Long,5.045045045045045,0.32142857142857145
253,17.1,Clear,Medium,Evening,Bike,25,5.0,65,1,Long,3.8011695906432745,0.38461538461538464
22,3.22,Clear,Medium,Afternoon,Bike,19,9.0,32,1,Medium,9.937888198757763,0.59375
314,19.27,Foggy,Medium,Morning,Car,29,9.0,85,1,Long,4.411001556824079,0.3411764705882353
460,2.82,Rainy,Medium,Evening,Scooter,10,1.0,29,0,Short,10.283687943262413,0.3448275862068966
161,7.67,Foggy,Medium,Afternoon,Scooter,22,8.0,59,1,Long,7.6923076923076925,0.3728813559322034
277,16.07,Clear,Medium,Evening,Bike,16,5.0,64,1,Long,3.9825762289981332,0.25
956,7.97,Windy,Medium,Evening,Scooter,9,8.0,35,1,Long,4.391468005018821,0.2571428571428571
386,16.17,Clear,Medium,Evening,Scooter,12,2.0,78,1,Long,4.823747680890538,0.15384615384615385
492,12.59,Clear,Low,Evening,Scooter,10,2.0,39,1,Long,3.0976965845909454,0.2564102564102564
770,16.51,Clear,Medium,Morning,Bike,7,1.0,79,1,Long,4.784978800726832,0.08860759493670886
309,16.01,Clear,Low,Afternoon,Car,12,4.0,72,1,Long,4.497189256714553,0.16666666666666666
662,19.74,Rainy,High,Afternoon,Scooter,11,7.0,81,1,Long,4.103343465045593,0.13580246913580246
131,8.64,Snowy,Low,Evening,Bike,29,4.0,62,1,Long,7.175925925925926,0.46774193548387094
664,5.13,Clear,Medium,Morning,Car,16,1.0,38,1,Medium,7.407407407407407,0.42105263157894735
872,5.78,Clear,High,Morning,Bike,11,5.0,38,1,Medium,6.5743944636678195,0.2894736842105263
100,2.6,Clear,Low,Afternoon,Bike,16,1.0,29,0,Short,11.153846153846153,0.5517241379310345
373,2.34,Foggy,Medium,Morning,Bike,8,2.0,28,0,Short,11.965811965811966,0.2857142857142857
88,12.93,Clear,Medium,Morning,Scooter,20,8.0,58,1,Long,4.4856921887084305,0.3448275862068966
459,1.6,Clear,Medium,Evening,Bike,14,8.0,24,0,Short,15.0,0.5833333333333334
122,17.97,Windy,Medium,Morning,Scooter,28,7.0,92,1,Long,5.119643850862549,0.30434782608695654
615,17.53,Clear,Low,Afternoon,Bike,14,6.0,79,1,Long,4.506560182544209,0.17721518987341772
21,12.43,Rainy,High,Morning,Bike,13,6.0,70,1,Long,5.631536604987932,0.18571428571428572
701,10.89,Windy,Medium,Evening,Bike,7,0.0,58,1,Long,5.325987144168962,0.1206896551724138
72,4.37,Clear,Medium,Evening,Scooter,6,7.0,25,0,Medium,5.720823798627002,0.24
107,8.5,Clear,High,Evening,Car,13,3.0,54,1,Long,6.352941176470588,0.24074074074074073
271,16.28,Rainy,Low,Morning,Scooter,8,9.0,71,1,Long,4.361179361179361,0.11267605633802817
861,15.62,Snowy,High,Evening,Scooter,26,2.0,81,1,Long,5.185659411011524,0.32098765432098764
436,14.17,Clear,Low,Afternoon,Bike,8,0.0,55,1,Long,3.881439661256175,0.14545454545454545
103,6.63,Foggy,Low,Night,Scooter,24,3.0,58,1,Medium,8.748114630467573,0.41379310344827586
